Industry,Question,Gold_SQL,Mixed_Generated_SQL,Mixed_Raw_Response,Stratified_Generated_SQL,Stratified_Raw_Response
Construction,What acount had our biggest expense This fiscal year to date?,"select account, sum(debit) from master_txn_table as T1 join chart_of_accounts as T2 on T1.account = T2.account_name where account_type in ('Expense','Other Expense') and transaction_date BETWEEN date(current_date, '-3 months', 'start of year', '+3 months') AND date(current_date, '-3 months', 'start of year','+1 year', '+3 months', '-1 day') group by account order by sum(debit) desc limit 1","SELECT 
    c.account_name,
    SUM(m.amount) AS total_expense
FROM 
    Master_txn_table m
JOIN 
    chart_of_account_OB c ON m.account = c.business_id
WHERE 
    m.transaction_type = 'Expense' -- Assuming 'Expense' is the type of transaction that represents an expense
    AND m.transaction_date >= DATE('now', '-1 year') -- Filter transactions from the last fiscal year
GROUP BY 
    c.account_name
ORDER BY 
    total_expense DESC
LIMIT 1;","To determine which account had the biggest expense this fiscal year to date in SQLite, you need to aggregate the expenses by account and then find the maximum value. Assuming that the `Master_txn_table` has a column `amount` that represents the expense, we can use the following query:

```sql
SELECT 
    c.account_name,
    SUM(m.amount) AS total_expense
FROM 
    Master_txn_table m
JOIN 
    chart_of_account_OB c ON m.account = c.business_id
WHERE 
    m.transaction_type = 'Expense' -- Assuming 'Expense' is the type of transaction that represents an expense
    AND m.transaction_date >= DATE('now', '-1 year') -- Filter transactions from the last fiscal year
GROUP BY 
    c.account_name
ORDER BY 
    total_expense DESC
LIMIT 1;
```

### Explanation:
- **JOIN**: We join the `Master_txn_table` with the `chart_of_account_OB` table on the `account` field to get the account name.
- **WHERE**: We filter the transactions to include only those marked as 'Expense' and those that occurred within the last fiscal year.
- **GROUP BY**: We group the results by the account name.
- **SUM**: We calculate the total expense for each account.
- **ORDER BY**: We order the results by the total expense in descending order.
- **LIMIT 1**: We limit the result to the top entry, which will be the account with the highest expense.

### Assumptions:
- The `transaction_type` column in `Master_txn_table` indicates whether a transaction is an expense or not.
- The `transaction_date` column in `Master_txn_table` is used to","-- Step 1: Define the fiscal year range
WITH FiscalYear AS (
    SELECT 
        MIN(transaction_date) AS start_date,
        MAX(transaction_date) AS end_date
    FROM Master_txn_table
    WHERE transaction_date >= DATE('now', '-1 year')
),

-- Step 2: Calculate the total expense for each account in the fiscal year
ExpenseByAccount AS (
    SELECT 
        account,
        SUM(amount) AS total_expense
    FROM Master_txn_table
    WHERE transaction_date BETWEEN (SELECT start_date FROM FiscalYear) AND (SELECT end_date FROM FiscalYear)
    GROUP BY account
)

-- Step 3: Find the account with the highest total expense
SELECT 
    account,
    total_expense
FROM ExpenseByAccount
ORDER BY total_expense DESC
LIMIT 1;","To determine which account had the biggest expense for your construction company this fiscal year to date, you need to follow these steps:

1. Identify the fiscal year range (e.g., from January 1st of the current year to today).
2. Sum up all expenses for each account within that fiscal year.
3. Find the account with the highest total expense.

Here's how you can write an SQLite query to achieve this:

```sql
-- Step 1: Define the fiscal year range
WITH FiscalYear AS (
    SELECT 
        MIN(transaction_date) AS start_date,
        MAX(transaction_date) AS end_date
    FROM Master_txn_table
    WHERE transaction_date >= DATE('now', '-1 year')
),

-- Step 2: Calculate the total expense for each account in the fiscal year
ExpenseByAccount AS (
    SELECT 
        account,
        SUM(amount) AS total_expense
    FROM Master_txn_table
    WHERE transaction_date BETWEEN (SELECT start_date FROM FiscalYear) AND (SELECT end_date FROM FiscalYear)
    GROUP BY account
)

-- Step 3: Find the account with the highest total expense
SELECT 
    account,
    total_expense
FROM ExpenseByAccount
ORDER BY total_expense DESC
LIMIT 1;
```

### Explanation:

1. **FiscalYear CTE**: This Common Table Expression (CTE) calculates the start and end dates of the fiscal year. The `DATE('now', '-1 year')"
Construction,What was the mean bill Amanda Fry received from Robin Wright?,"select avg(credit) from master_txn_table where customers = ""Amanda Fry"" and transaction_type = 'bill' and vendor = ""Robin Wright""","SELECT AVG(amount) AS mean_bill
FROM (
    SELECT m.amount
    FROM Master_txn_table m
    JOIN customer_table c ON m.business_id = c.business_id AND c.customer_name = 'Amanda Fry'
    JOIN vendor_table v ON m.business_id = v.business_id AND v.vendor_name = 'Robin Wright'
) AS subquery;","To find the mean bill Amanda Fry received from Robin Wright, you need to join multiple tables and filter by the relevant customers and vendors. Here's a step-by-step breakdown of how to construct this query:

1. Join the `customer_table` with the `vendor_table` on the `business_id`.
2. Join the `customer_table` with the `Master_txn_table` on the `business_id` and `customer_name`.
3. Filter the results to include only transactions where the `customer_name` is ""Amanda Fry"" and the `vendor_name` is ""Robin Wright"".
4. Calculate the mean of the `amount` column.

Here's the SQL query that accomplishes this:

```sql
SELECT AVG(amount) AS mean_bill
FROM (
    SELECT m.amount
    FROM Master_txn_table m
    JOIN customer_table c ON m.business_id = c.business_id AND c.customer_name = 'Amanda Fry'
    JOIN vendor_table v ON m.business_id = v.business_id AND v.vendor_name = 'Robin Wright'
) AS subquery;
```

Explanation:
- The subquery joins the `Master_txn_table`, `customer_table`, and `vendor_table` based on the `business_id` and specific names.
- The outer query calculates the average (`AVG`) of the `amount` column from the subquery.

This query assumes that there is a unique match between the `customer_name` and `vendor_name` in the respective tables. If there could be multiple matches or if you need to handle more complex scenarios, additional conditions or joins might be necessary.","-- Step 1: Select the required columns
SELECT 
    AVG(amount) AS mean_bill
FROM 
    Master_txn_table
WHERE 
    customer_name = 'Amanda Fry' AND 
    vendor_name = 'Robin Wright';","To find the mean bill Amanda Fry received from Robin Wright, we need to follow these steps:

1. Identify the relevant tables and columns that contain the necessary information.
2. Filter the data to include only the transactions where the customer is Amanda Fry and the vendor is Robin Wright.
3. Calculate the total amount of the bills received by Amanda Fry from Robin Wright.
4. Determine the number of transactions (bills) received by Amanda Fry from Robin Wright.
5. Calculate the mean (average) bill amount.

Here's the step-by-step SQLite query to achieve this:

```sql
-- Step 1: Select the required columns
SELECT 
    AVG(amount) AS mean_bill
FROM 
    Master_txn_table
WHERE 
    customer_name = 'Amanda Fry' AND 
    vendor_name = 'Robin Wright';
```

Explanation:
- `AVG(amount)` calculates the average value of the `amount` column, which represents the bill amounts.
- The `WHERE` clause filters the rows to include only those where the `customer_name` is 'Amanda Fry' and the `vendor_name` is 'Robin Wright'.

This query will return the mean bill amount that Amanda Fry received from Robin Wright."
Construction,What acount had our biggest expense YTD?,"select account, sum(debit) from master_txn_table as T1 join chart_of_accounts as T2 on T1.account = T2.account_name where account_type in ('Expense','Other Expense') and transaction_date BETWEEN date(current_date, 'start of year') AND date(current_date)group by account order by sum(debit) desc limit 1","SELECT 
    c.account_name,
    SUM(m.amount) AS total_expense
FROM 
    Master_txn_table m
JOIN 
    chart_of_account_OB c ON m.account = c.business_id
WHERE 
    m.transaction_type IN ('purchase', 'credit')
    AND m.transaction_date >= DATE('now', '-1 year')
GROUP BY 
    c.account_name
ORDER BY 
    total_expense DESC
LIMIT 1;","To determine which account had the biggest expense year-to-date (YTD), you need to sum up all the expenses for each account and then identify the one with the highest total. Assuming that the `transaction_type` column in the `Master_txn_table` indicates whether a transaction is an expense (`purchase` or `credit`), we can write the following SQLite query:

```sql
SELECT 
    c.account_name,
    SUM(m.amount) AS total_expense
FROM 
    Master_txn_table m
JOIN 
    chart_of_account_OB c ON m.account = c.business_id
WHERE 
    m.transaction_type IN ('purchase', 'credit')
    AND m.transaction_date >= DATE('now', '-1 year')
GROUP BY 
    c.account_name
ORDER BY 
    total_expense DESC
LIMIT 1;
```

### Explanation:
- **JOIN**: We join the `Master_txn_table` with the `chart_of_account_OB` table on the `account` field to get the account name.
- **WHERE**: We filter transactions where the `transaction_type` is either `'purchase'` or `'credit'`, and the `transaction_date` is within the last year.
- **GROUP BY**: We group the results by the account name to aggregate the expenses per account.
- **SUM**: We calculate the total expense for each account.
- **ORDER BY**: We order the results by the total expense in descending order.
- **LIMIT**: Finally, we limit the result to only return the account with the highest total expense.

This query will give you the account with the largest total expense for the current year.","SELECT 
    account,
    SUM(amount) AS total_expense
FROM 
    Master_txn_table
WHERE 
    transaction_type = 'Expense'
GROUP BY 
    account
ORDER BY 
    total_expense DESC
LIMIT 1;","To determine which account had the biggest expense year-to-date (YTD), we need to sum up all expenses for each account and then identify the one with the highest total. Here's a step-by-step approach to achieve this using SQLite:

1. Identify the relevant columns from the `Master_txn_table` that will help us filter transactions related to expenses.
2. Sum up the `amount` column where the `transaction_type` is 'Expense'.
3. Group the results by `account`.
4. Order the results in descending order based on the sum of `amount`.
5. Limit the result to the top 1 entry.

Here's the corresponding SQL query:

```sql
SELECT 
    account,
    SUM(amount) AS total_expense
FROM 
    Master_txn_table
WHERE 
    transaction_type = 'Expense'
GROUP BY 
    account
ORDER BY 
    total_expense DESC
LIMIT 1;
```

### Explanation:
- **SELECT account, SUM(amount) AS total_expense**: This selects the `account` and sums up the `amount` for each account.
- **FROM Master_txn_table**: Specifies the table from which to retrieve the data.
- **WHERE transaction_type = 'Expense'**: Filters the rows to only include those where the `transaction_type` is 'Expense'.
- **GROUP BY account**: Groups the results by `account` so that the sum can be calculated per account.
- **ORDER BY total_expense DESC**: Orders the results"
Construction,What acount had our biggest expense in may last year?,"select account, sum(debit) from master_txn_table as T1 join chart_of_accounts as T2 on T1.account = T2.account_name where account_type in ('Expense','Other Expense') and transaction_date BETWEEN date(current_date, '-1 year', 'start of year', '+4 month') AND date(current_date, '-1 year', 'start of year', '+5 month', '-1 day') group by account order by sum(debit) desc limit 1","SELECT 
    c.account_name,
    SUM(m.amount) AS total_expense
FROM 
    Master_txn_table m
JOIN 
    chart_of_account_OB c ON m.account = c.business_id
WHERE 
    m.transaction_date BETWEEN DATE('2023-05-01', '-1 year') AND DATE('2023-05-31')
GROUP BY 
    c.account_name
ORDER BY 
    total_expense DESC
LIMIT 1;","To find the account that had the biggest expense in May of the previous year, you can use the following SQLite query:

```sql
SELECT 
    c.account_name,
    SUM(m.amount) AS total_expense
FROM 
    Master_txn_table m
JOIN 
    chart_of_account_OB c ON m.account = c.business_id
WHERE 
    m.transaction_date BETWEEN DATE('2023-05-01', '-1 year') AND DATE('2023-05-31')
GROUP BY 
    c.account_name
ORDER BY 
    total_expense DESC
LIMIT 1;
```

### Explanation:
1. **Master_txn_table**: This table contains all the transaction details including the `account` field which links to the `chart_of_account_OB` table.
2. **chart_of_account_OB**: This table provides the account name and full name for each account.
3. **JOIN**: We join the `Master_txn_table` with the `chart_of_account_OB` table on the `account` field.
4. **WHERE**: We filter the transactions to only include those from May of the previous year (`2023-05-01` to `2023-05-31`).
5. **GROUP BY**: We group the results by the account name to aggregate the expenses per account.
6. **SUM**: We calculate the total expense for each account.
7. **ORDER BY**: We order the results by the total expense in descending order so that the highest expense is at the top.
8. **LIMIT 1**: Finally, we limit the result to just one row, which will be the account with the","WITH monthly_expenses AS (
    SELECT 
        account,
        SUM(amount) AS total_expense
    FROM 
        Master_txn_table
    WHERE 
        transaction_type = 'purchase'
        AND strftime('%Y-%m', transaction_date) = '2023-05'
    GROUP BY 
        account
)
SELECT 
    account_name,
    account_full_name,
    total_expense
FROM 
    monthly_expenses
JOIN 
    chart_of_account_OB 
ON 
    monthly_expenses.account = chart_of_account_OB.business_id
ORDER BY 
    total_expense DESC
LIMIT 1;","To find the account that had the biggest expense in May of the previous year, we need to follow these steps:

1. Identify the relevant transactions from the `Master_txn_table` where the `transaction_type` is 'purchase' and the `transaction_date` falls within May of the previous year.
2. Sum up the `amount` for each account associated with these transactions.
3. Identify the account with the highest sum.

Here's the SQLite query to achieve this:

```sql
WITH monthly_expenses AS (
    SELECT 
        account,
        SUM(amount) AS total_expense
    FROM 
        Master_txn_table
    WHERE 
        transaction_type = 'purchase'
        AND strftime('%Y-%m', transaction_date) = '2023-05'
    GROUP BY 
        account
)
SELECT 
    account_name,
    account_full_name,
    total_expense
FROM 
    monthly_expenses
JOIN 
    chart_of_account_OB 
ON 
    monthly_expenses.account = chart_of_account_OB.business_id
ORDER BY 
    total_expense DESC
LIMIT 1;
```

### Explanation:
1. **CTE (Common Table Expression)**: The `monthly_expenses` CTE calculates the total expense for each account in May of the previous year.
2. **JOIN**: We join the `monthly_expenses` CTE with the `chart_of_account_OB` table to get the full name and type of the account"
Construction,What acount had our biggest expense in may last year?,"select account, sum(debit) from master_txn_table as T1 join chart_of_accounts as T2 on T1.account = T2.account_name where account_type in ('Expense','Other Expense') and transaction_date BETWEEN date(current_date, '-1 year', 'start of year', '+4 month') AND date(current_date, '-1 year', 'start of year', '+5 month', '-1 day') group by account order by sum(debit) desc limit 1","SELECT 
    c.account_name,
    SUM(m.amount) AS total_expense
FROM 
    Master_txn_table m
JOIN 
    chart_of_account_OB c ON m.account = c.business_id
WHERE 
    m.transaction_date BETWEEN DATE('2023-05-01', '-1 year') AND DATE('2023-05-31')
GROUP BY 
    c.account_name
ORDER BY 
    total_expense DESC
LIMIT 1;","To find the account that had the biggest expense in May of the previous year, you can use the following SQLite query:

```sql
SELECT 
    c.account_name,
    SUM(m.amount) AS total_expense
FROM 
    Master_txn_table m
JOIN 
    chart_of_account_OB c ON m.account = c.business_id
WHERE 
    m.transaction_date BETWEEN DATE('2023-05-01', '-1 year') AND DATE('2023-05-31')
GROUP BY 
    c.account_name
ORDER BY 
    total_expense DESC
LIMIT 1;
```

### Explanation:
1. **Master_txn_table**: This table contains all the transaction details including the `account` field which links to the `chart_of_account_OB` table.
2. **chart_of_account_OB**: This table provides the account name and full name for each account.
3. **JOIN**: We join the `Master_txn_table` with the `chart_of_account_OB` table on the `account` field.
4. **WHERE**: We filter the transactions to only include those from May of the previous year (`2023-05-01` to `2023-05-31`).
5. **GROUP BY**: We group the results by the account name to aggregate the expenses per account.
6. **SUM**: We calculate the total expense for each account.
7. **ORDER BY**: We order the results by the total expense in descending order so that the highest expense is at the top.
8. **LIMIT 1**: Finally, we limit the result to just one row, which will be the account with the","WITH monthly_expenses AS (
    SELECT 
        account,
        SUM(CASE WHEN transaction_type = 'Expense' THEN amount ELSE 0 END) AS total_expense
    FROM 
        Master_txn_table
    WHERE 
        transaction_date BETWEEN DATE('now', '-1 year') AND DATE('now', '-1 year', 'month 5')
    GROUP BY 
        account
)
SELECT 
    account_name,
    account_full_name,
    total_expense
FROM 
    monthly_expenses
JOIN 
    chart_of_account_OB ON monthly_expenses.account = chart_of_account_OB.account_name
ORDER BY 
    total_expense DESC
LIMIT 1;","To determine which account had the biggest expense in May of the previous year, we need to follow these steps:

1. Identify the relevant transactions from the `Master_txn_table` that occurred in May of the previous year.
2. Sum up the expenses (credit) for each account.
3. Identify the account with the highest sum.

Here's the SQLite query to achieve this:

```sql
WITH monthly_expenses AS (
    SELECT 
        account,
        SUM(CASE WHEN transaction_type = 'Expense' THEN amount ELSE 0 END) AS total_expense
    FROM 
        Master_txn_table
    WHERE 
        transaction_date BETWEEN DATE('now', '-1 year') AND DATE('now', '-1 year', 'month 5')
    GROUP BY 
        account
)
SELECT 
    account_name,
    account_full_name,
    total_expense
FROM 
    monthly_expenses
JOIN 
    chart_of_account_OB ON monthly_expenses.account = chart_of_account_OB.account_name
ORDER BY 
    total_expense DESC
LIMIT 1;
```

### Explanation:
1. **CTE (Common Table Expression)**: The `monthly_expenses` CTE calculates the total expense for each account in May of the previous year.
   - `SUM(CASE WHEN transaction_type = 'Expense' THEN amount ELSE 0 END)` sums up the amounts where `transaction_type` is 'Expense'.
   - `GROUP BY account` groups the results by account"
Construction,What acount had our biggest expense This week to date?,"select account, sum(debit) from master_txn_table as T1 join chart_of_accounts as T2 on T1.account = T2.account_name where account_type in ('Expense','Other Expense') and transaction_date BETWEEN date( current_date, ""weekday 0"", ""-7 days"") AND date( current_date) group by account order by sum(debit) desc limit 1","SELECT 
    c.account_name,
    SUM(m.amount) AS total_expense
FROM 
    Master_txn_table m
JOIN 
    chart_of_account_OB c ON m.account = c.business_id
WHERE 
    m.transaction_date >= DATE('now', '-7 days')
GROUP BY 
    c.account_name
ORDER BY 
    total_expense DESC
LIMIT 1;","To determine which account had the biggest expense this week to date, you need to aggregate the expenses by account and then find the one with the highest total expense. Assuming that the `Master_txn_table` has a column `amount` that represents the expense, you can use the following SQLite query:

```sql
SELECT 
    c.account_name,
    SUM(m.amount) AS total_expense
FROM 
    Master_txn_table m
JOIN 
    chart_of_account_OB c ON m.account = c.business_id
WHERE 
    m.transaction_date >= DATE('now', '-7 days')
GROUP BY 
    c.account_name
ORDER BY 
    total_expense DESC
LIMIT 1;
```

### Explanation:
- **JOIN**: We join the `Master_txn_table` with the `chart_of_account_OB` table on the `account` field to get the account name.
- **WHERE**: We filter the transactions to include only those from the last 7 days using the `transaction_date` column.
- **GROUP BY**: We group the results by the account name to calculate the total expense for each account.
- **SUM**: We sum up the `amount` for each account.
- **ORDER BY**: We order the results in descending order of total expense.
- **LIMIT 1**: Finally, we limit the result to just the top entry, which will be the account with the biggest expense.

This query assumes that the `Master_txn_table` has an `amount` column that represents the expense. Adjust the column names if they differ in your actual schema.","WITH WeeklyExpenses AS (
    SELECT 
        account,
        SUM(amount) AS total_expense
    FROM 
        Master_txn_table
    WHERE 
        transaction_date >= DATE('now', '-7 days')
        AND transaction_type = 'Expense'
        AND debit > 0
    GROUP BY 
        account
)
SELECT 
    account_name,
    total_expense
FROM 
    WeeklyExpenses
JOIN 
    chart_of_account_OB ON WeeklyExpenses.account = chart_of_account_OB.business_id
ORDER BY 
    total_expense DESC
LIMIT 1;","To determine the account that had the biggest expense this week to date, we need to follow these steps:

1. Identify the relevant transactions from the `Master_txn_table` that occurred this week.
2. Sum up the expenses (credit) for each account.
3. Find the account with the highest total expense.

Here's the SQLite query to achieve this:

```sql
WITH WeeklyExpenses AS (
    SELECT 
        account,
        SUM(amount) AS total_expense
    FROM 
        Master_txn_table
    WHERE 
        transaction_date >= DATE('now', '-7 days')
        AND transaction_type = 'Expense'
        AND debit > 0
    GROUP BY 
        account
)
SELECT 
    account_name,
    total_expense
FROM 
    WeeklyExpenses
JOIN 
    chart_of_account_OB ON WeeklyExpenses.account = chart_of_account_OB.business_id
ORDER BY 
    total_expense DESC
LIMIT 1;
```

### Explanation:
1. **WeeklyExpenses CTE**: This Common Table Expression (CTE) calculates the total expense for each account within the last 7 days. It filters out only those transactions where the `transaction_type` is 'Expense' and `debit` is greater than 0 (indicating an expense).
2. **JOIN with chart_of_account_OB**: We join the `WeeklyExpenses` CTE with the `chart_of_account_OB` table to get the full name of the"
Construction,What acount had our biggest expense This week to date?,"select account, sum(debit) from master_txn_table as T1 join chart_of_accounts as T2 on T1.account = T2.account_name where account_type in ('Expense','Other Expense') and transaction_date BETWEEN date( current_date, ""weekday 0"", ""-7 days"") AND date( current_date) group by account order by sum(debit) desc limit 1","SELECT 
    c.account_name,
    SUM(m.amount) AS total_expense
FROM 
    Master_txn_table m
JOIN 
    chart_of_account_OB c ON m.account = c.business_id
WHERE 
    m.transaction_date >= DATE('now', '-7 days')
GROUP BY 
    c.account_name
ORDER BY 
    total_expense DESC
LIMIT 1;","To determine which account had the biggest expense this week to date, you need to aggregate the expenses by account and then find the one with the highest total expense. Assuming that the `Master_txn_table` has a column `amount` that represents the expense, you can use the following SQLite query:

```sql
SELECT 
    c.account_name,
    SUM(m.amount) AS total_expense
FROM 
    Master_txn_table m
JOIN 
    chart_of_account_OB c ON m.account = c.business_id
WHERE 
    m.transaction_date >= DATE('now', '-7 days')
GROUP BY 
    c.account_name
ORDER BY 
    total_expense DESC
LIMIT 1;
```

### Explanation:
- **JOIN**: We join the `Master_txn_table` with the `chart_of_account_OB` table on the `account` field to get the account name.
- **WHERE**: We filter the transactions to include only those from the last 7 days using the `transaction_date` column.
- **GROUP BY**: We group the results by the account name to calculate the total expense for each account.
- **SUM**: We sum up the `amount` for each account.
- **ORDER BY**: We order the results in descending order of total expense.
- **LIMIT 1**: Finally, we limit the result to just the top entry, which will be the account with the biggest expense.

This query assumes that the `Master_txn_table` has an `amount` column that represents the expense. Adjust the column names if they differ in your actual schema.","To determine which account had the biggest expense this week to date, we need to follow these steps:

1. Identify the relevant transactions that occurred this week.
2. Sum up the expenses for each account.
3. Find the account with the highest total expense.

Here's a step-by-step SQLite query to achieve this:

1. **Identify Transactions from This Week**: We need to filter transactions based on the `transaction_date` being within the current week.
2. **Sum Expenses by Account**: We will sum the `amount` for each account in the filtered transactions.
3. **Find the Account with the Highest Expense**: We will use an aggregate function to find the maximum sum of expenses.

Assuming today is the current date and we want to consider the last 7 days as ""this week"":

```sql
-- Step 1: Get the current date and the start of this week
SELECT 
    DATE('now', 'localtime') AS current_date,
    DATE('now', 'localtime', '-7 days') AS start_of_week;

-- Step 2: Filter transactions from this week and sum expenses by account
WITH weekly_expenses AS (
    SELECT 
        m.account,
        SUM(m.amount) AS total_expense
    FROM 
        Master_txn_table m
    WHERE 
        m.transaction_date >= DATE('now', 'localtime', '-7 days')
        AND m.transaction_date < DATE('now', 'localtime')
        AND m.transaction","To determine which account had the biggest expense this week to date, we need to follow these steps:

1. Identify the relevant transactions that occurred this week.
2. Sum up the expenses for each account.
3. Find the account with the highest total expense.

Here's a step-by-step SQLite query to achieve this:

1. **Identify Transactions from This Week**: We need to filter transactions based on the `transaction_date` being within the current week.
2. **Sum Expenses by Account**: We will sum the `amount` for each account in the filtered transactions.
3. **Find the Account with the Highest Expense**: We will use an aggregate function to find the maximum sum of expenses.

Assuming today is the current date and we want to consider the last 7 days as ""this week"":

```sql
-- Step 1: Get the current date and the start of this week
SELECT 
    DATE('now', 'localtime') AS current_date,
    DATE('now', 'localtime', '-7 days') AS start_of_week;

-- Step 2: Filter transactions from this week and sum expenses by account
WITH weekly_expenses AS (
    SELECT 
        m.account,
        SUM(m.amount) AS total_expense
    FROM 
        Master_txn_table m
    WHERE 
        m.transaction_date >= DATE('now', 'localtime', '-7 days')
        AND m.transaction_date < DATE('now', 'localtime')
        AND m.transaction"
Construction,What acount had our biggest expense This year?,"select account, sum(debit) from master_txn_table as T1 join chart_of_accounts as T2 on T1.account = T2.account_name where account_type in ('Expense','Other Expense') and transaction_date BETWEEN date(current_date, 'start of year') AND date(current_date) group by account order by sum(debit) desc limit 1","SELECT 
    c.account_name,
    SUM(m.amount) AS total_expense
FROM 
    Master_txn_table m
JOIN 
    chart_of_account_OB c ON m.account = c.business_id AND m.transaction_type = 'Expense'
WHERE 
    strftime('%Y', m.transaction_date) = '2023' -- Assuming 2023 is the current year
GROUP BY 
    c.account_name
ORDER BY 
    total_expense DESC
LIMIT 1;","To determine which account had the biggest expense this year in SQLite, you need to aggregate the expenses by account and then find the maximum expense amount. Here's a step-by-step approach:

1. Identify the relevant transactions that are expenses (i.e., `transaction_type` is 'Expense').
2. Sum up the amounts for each account.
3. Find the account with the highest total expense.

Here's the SQL query to achieve this:

```sql
SELECT 
    c.account_name,
    SUM(m.amount) AS total_expense
FROM 
    Master_txn_table m
JOIN 
    chart_of_account_OB c ON m.account = c.business_id AND m.transaction_type = 'Expense'
WHERE 
    strftime('%Y', m.transaction_date) = '2023' -- Assuming 2023 is the current year
GROUP BY 
    c.account_name
ORDER BY 
    total_expense DESC
LIMIT 1;
```

### Explanation:
- **Master_txn_table**: This table contains all transaction details.
- **chart_of_account_OB**: This table maps the accounts to their names and types.
- **strftime('%Y', m.transaction_date)**: This function extracts the year from the `transaction_date`.
- **WHERE strftime('%Y', m.transaction_date) = '2023'**: This filters the transactions to only those from the year 2023.
- **GROUP BY c.account_name**: This groups the results by account name.
- **SUM(m.amount)**: This sums up the amounts for each account.
- **ORDER BY total_expense DESC**: This orders the results in descending order of total expense.
- **LIMIT 1**: This limits the result to the top","SELECT 
    account,
    SUM(amount) AS total_expense
FROM 
    Master_txn_table
WHERE 
    transaction_type IN ('purchase', 'billable') -- Adjust as necessary based on your specific expense types
GROUP BY 
    account
ORDER BY 
    total_expense DESC
LIMIT 1;","To determine which account had the biggest expense for your construction company this year, you need to follow these steps:

1. Identify the relevant transactions that represent expenses.
2. Sum up the amounts for each account.
3. Find the account with the highest total expense.

Here's how you can achieve this using an SQLite query:

### Step 1: Identify Relevant Transactions
Expense transactions typically involve a debit in the expense account and a credit in the revenue or other accounts. We'll assume that the `Master_txn_table` has a column `account` that indicates the account being debited (expense) and a column `transaction_type` that indicates whether it's an expense (`purchase`, `billable`, etc.).

### Step 2: Sum Up the Amounts for Each Account
We will group the transactions by their `account` and sum up the `amount` where the `transaction_type` is an expense.

### Step 3: Find the Account with the Highest Total Expense
We will use the `MAX` function to find the account with the highest total expense.

Here's the SQL query to achieve this:

```sql
SELECT 
    account,
    SUM(amount) AS total_expense
FROM 
    Master_txn_table
WHERE 
    transaction_type IN ('purchase', 'billable') -- Adjust as necessary based on your specific expense types
GROUP BY 
    account
ORDER BY 
    total_expense DESC
LIMIT 1;
```

### Explanation:
- **SELECT"
Construction,What acount had our biggest expense in q1 this year?,"select account, sum(debit) from master_txn_table as T1 join chart_of_accounts as T2 on T1.account = T2.account_name where account_type in ('Expense','Other Expense') and transaction_date BETWEEN date(current_date, 'start of year') AND date(current_date, 'start of year', '+3 month', '-1 day') group by account order by sum(debit) desc limit 1","WITH Q1_expenses AS (
    SELECT 
        mta.account,
        SUM(mta.amount) AS total_expense
    FROM 
        Master_txn_table mta
    WHERE 
        strftime('%Y-%m', mta.transaction_date) = strftime('%Y-%m', 'now') AND 
        strftime('%Q', mta.transaction_date) = '1'
    GROUP BY 
        mta.account
)
SELECT 
    account,
    total_expense
FROM 
    Q1_expenses
ORDER BY 
    total_expense DESC
LIMIT 1;","To determine which account had the biggest expense in Q1 of the current year, you need to aggregate the expenses by account and then filter those results to only include transactions from Q1. Here's a step-by-step approach:

1. Identify all transactions that occurred in Q1 of the current year.
2. Sum up the expenses (amounts) for each account.
3. Find the account with the highest total expense.

Here is the SQL query to achieve this:

```sql
WITH Q1_expenses AS (
    SELECT 
        mta.account,
        SUM(mta.amount) AS total_expense
    FROM 
        Master_txn_table mta
    WHERE 
        strftime('%Y-%m', mta.transaction_date) = strftime('%Y-%m', 'now') AND 
        strftime('%Q', mta.transaction_date) = '1'
    GROUP BY 
        mta.account
)
SELECT 
    account,
    total_expense
FROM 
    Q1_expenses
ORDER BY 
    total_expense DESC
LIMIT 1;
```

### Explanation:
- **CTE (Common Table Expression):** `Q1_expenses` is used to calculate the total expense for each account in Q1.
  - `strftime('%Y-%m', mta.transaction_date)` extracts the year and month from the transaction date.
  - `strftime('%Q', mta.transaction_date)` extracts the quarter from the transaction date.
  - The condition `strftime('%Y-%m', mta.transaction_date) = strftime('%Y-%m', 'now')` ensures we're looking at transactions from the current year.
  - The condition `strftime('%Q', mta.transaction_date) = '1'","WITH Q1_expenses AS (
    SELECT 
        account,
        SUM(debit) AS total_debit
    FROM 
        Master_txn_table
    WHERE 
        transaction_date BETWEEN DATE('now', '-3 months') AND DATE('now')
        AND debit > 0
    GROUP BY 
        account
)
SELECT 
    account,
    total_debit
FROM 
    Q1_expenses
ORDER BY 
    total_debit DESC
LIMIT 1;","To determine the account that had the biggest expense in Q1 of the current year, we need to follow these steps:

1. Identify the transactions from Q1.
2. Filter out only the expenses (i.e., where `debit` is greater than `credit`).
3. Sum up the amounts for each account.
4. Identify the account with the highest total expense.

Here's the SQLite query to achieve this:

```sql
WITH Q1_expenses AS (
    SELECT 
        account,
        SUM(debit) AS total_debit
    FROM 
        Master_txn_table
    WHERE 
        transaction_date BETWEEN DATE('now', '-3 months') AND DATE('now')
        AND debit > 0
    GROUP BY 
        account
)
SELECT 
    account,
    total_debit
FROM 
    Q1_expenses
ORDER BY 
    total_debit DESC
LIMIT 1;
```

### Explanation:
- **Q1_expenses CTE**: This Common Table Expression (CTE) calculates the total debit for each account within the specified Q1 period.
- **WHERE clause**: Filters transactions that fall within the first quarter of the current year (`DATE('now', '-3 months')` to `DATE('now')`).
- **GROUP BY**: Groups the results by account.
- **SUM(debit)**: Sums up the debit amounts for each account.
- **ORDER BY total_debit DESC**: Orders the results in descending order based"
Construction,What acount had our biggest expense This fiscal year?,"select account, sum(debit) from master_txn_table as T1 join chart_of_accounts as T2 on T1.account = T2.account_name where account_type in ('Expense','Other Expense') and transaction_date BETWEEN date(current_date, '-3 months', 'start of year', '+3 months') AND date(current_date) group by account order by sum(debit) desc limit 1","WITH FiscalYear AS (
    SELECT 
        strftime('%Y', transaction_date) AS fiscal_year,
        account
    FROM 
        Master_txn_table
    WHERE 
        transaction_type IN ('purchase', 'billable') -- Adjust the transaction types as needed
)
SELECT 
    account,
    SUM(amount) AS total_expense
FROM 
    FiscalYear
GROUP BY 
    account
ORDER BY 
    total_expense DESC
LIMIT 1;","To determine which account had the biggest expense this fiscal year in SQLite, you need to aggregate the expenses by account and then find the maximum expense amount. Here's a step-by-step approach:

1. Identify the fiscal year from the `transaction_date`.
2. Sum up the `amount` for each account where the `transaction_type` is related to an expense (e.g., `purchase`, `billable`, etc.).
3. Find the account with the highest total expense.

Assuming that the fiscal year is determined by the `transaction_date` and we consider the fiscal year as the year part of the date, here is the SQL query:

```sql
WITH FiscalYear AS (
    SELECT 
        strftime('%Y', transaction_date) AS fiscal_year,
        account
    FROM 
        Master_txn_table
    WHERE 
        transaction_type IN ('purchase', 'billable') -- Adjust the transaction types as needed
)
SELECT 
    account,
    SUM(amount) AS total_expense
FROM 
    FiscalYear
GROUP BY 
    account
ORDER BY 
    total_expense DESC
LIMIT 1;
```

### Explanation:
- **FiscalYear CTE**: This Common Table Expression (CTE) extracts the fiscal year from the `transaction_date` and filters the transactions based on the `transaction_type` that indicates an expense (`purchase` or `billable` in this example).
- **Main Query**: It groups the results by `account` and sums up the `amount` for each account. Then it orders the results by the total expense in descending order and limits the result to the top one, which will be the account with the biggest expense.

### Notes:
- You may need to adjust the","-- Step 1: Define the fiscal year range
WITH FiscalYear AS (
    SELECT 
        MIN(transaction_date) AS start_date,
        MAX(transaction_date) AS end_date
    FROM Master_txn_table
    WHERE transaction_date BETWEEN DATE('now', '-1 year') AND DATE('now')
),

-- Step 2: Calculate the total expense for each account in the fiscal year
ExpenseByAccount AS (
    SELECT 
        account,
        SUM(debit) AS total_expense
    FROM Master_txn_table
    WHERE transaction_date BETWEEN (SELECT start_date FROM FiscalYear) AND (SELECT end_date FROM FiscalYear)
    GROUP BY account
)

-- Step 3: Find the account with the highest total expense
SELECT 
    account,
    total_expense
FROM ExpenseByAccount
ORDER BY total_expense DESC
LIMIT 1;","To determine which account had the biggest expense for your construction company this fiscal year, you need to follow these steps:

1. Identify the fiscal year range (e.g., from January 1st of the current year to December 31st of the same year).
2. Sum up all expenses (debits) for each account in the fiscal year.
3. Find the account with the highest total expense.

Here's how you can write an SQLite query to achieve this:

```sql
-- Step 1: Define the fiscal year range
WITH FiscalYear AS (
    SELECT 
        MIN(transaction_date) AS start_date,
        MAX(transaction_date) AS end_date
    FROM Master_txn_table
    WHERE transaction_date BETWEEN DATE('now', '-1 year') AND DATE('now')
),

-- Step 2: Calculate the total expense for each account in the fiscal year
ExpenseByAccount AS (
    SELECT 
        account,
        SUM(debit) AS total_expense
    FROM Master_txn_table
    WHERE transaction_date BETWEEN (SELECT start_date FROM FiscalYear) AND (SELECT end_date FROM FiscalYear)
    GROUP BY account
)

-- Step 3: Find the account with the highest total expense
SELECT 
    account,
    total_expense
FROM ExpenseByAccount
ORDER BY total_expense DESC
LIMIT 1;
```

### Explanation:
1. **FiscalYear CTE**: This Common Table Expression (CTE) calculates the start and end"
Construction,What acount had our biggest expense This fiscal year?,"select account, sum(debit) from master_txn_table as T1 join chart_of_accounts as T2 on T1.account = T2.account_name where account_type in ('Expense','Other Expense') and transaction_date BETWEEN date(current_date, '-3 months', 'start of year', '+3 months') AND date(current_date) group by account order by sum(debit) desc limit 1","WITH FiscalYear AS (
    SELECT 
        strftime('%Y', transaction_date) AS fiscal_year,
        account
    FROM 
        Master_txn_table
    WHERE 
        transaction_type IN ('purchase', 'billable') -- Adjust the transaction types as needed
)
SELECT 
    account,
    SUM(amount) AS total_expense
FROM 
    FiscalYear
GROUP BY 
    account
ORDER BY 
    total_expense DESC
LIMIT 1;","To determine which account had the biggest expense this fiscal year in SQLite, you need to aggregate the expenses by account and then find the maximum expense amount. Here's a step-by-step approach:

1. Identify the fiscal year from the `transaction_date`.
2. Sum up the `amount` for each account where the `transaction_type` is related to an expense (e.g., `purchase`, `billable`, etc.).
3. Find the account with the highest total expense.

Assuming that the fiscal year is determined by the `transaction_date` and we consider the fiscal year as the year part of the date, here is the SQL query:

```sql
WITH FiscalYear AS (
    SELECT 
        strftime('%Y', transaction_date) AS fiscal_year,
        account
    FROM 
        Master_txn_table
    WHERE 
        transaction_type IN ('purchase', 'billable') -- Adjust the transaction types as needed
)
SELECT 
    account,
    SUM(amount) AS total_expense
FROM 
    FiscalYear
GROUP BY 
    account
ORDER BY 
    total_expense DESC
LIMIT 1;
```

### Explanation:
- **FiscalYear CTE**: This Common Table Expression (CTE) extracts the fiscal year from the `transaction_date` and filters the transactions based on the `transaction_type` that indicates an expense (`purchase` or `billable` in this example).
- **Main Query**: It groups the results by `account` and sums up the `amount` for each account. Then it orders the results by the total expense in descending order and limits the result to the top one, which will be the account with the biggest expense.

### Notes:
- You may need to adjust the","To determine which account had the biggest expense for your construction company this fiscal year, you need to follow these steps:

1. Identify the relevant fiscal year from the `Master_txn_table`.
2. Sum up the expenses (credit) for each account in the fiscal year.
3. Find the account with the highest total expense.

Here's a step-by-step SQLite query to achieve this:

```sql
-- Step 1: Determine the fiscal year range
SELECT 
    MIN(transaction_date) AS start_date,
    MAX(transaction_date) AS end_date
FROM 
    Master_txn_table
WHERE 
    transaction_type = 'Expense' AND 
    business_id = (SELECT business_id FROM employee_table WHERE deleted = 0 LIMIT 1); -- Assuming only one business_id is relevant

-- Step 2: Calculate the total expense for each account in the fiscal year
WITH Fiscal_Year_Expenses AS (
    SELECT 
        account,
        SUM(CASE WHEN transaction_type = 'Expense' THEN amount ELSE 0 END) AS total_expense
    FROM 
        Master_txn_table
    WHERE 
        transaction_type = 'Expense' AND 
        business_id = (SELECT business_id FROM employee_table WHERE deleted = 0 LIMIT 1) -- Assuming only one business_id is relevant
        AND transaction_date BETWEEN start_date AND end_date
    GROUP BY 
        account
)
-- Step 3: Find the account with the highest total expense
SELECT 
    account,","To determine which account had the biggest expense for your construction company this fiscal year, you need to follow these steps:

1. Identify the relevant fiscal year from the `Master_txn_table`.
2. Sum up the expenses (credit) for each account in the fiscal year.
3. Find the account with the highest total expense.

Here's a step-by-step SQLite query to achieve this:

```sql
-- Step 1: Determine the fiscal year range
SELECT 
    MIN(transaction_date) AS start_date,
    MAX(transaction_date) AS end_date
FROM 
    Master_txn_table
WHERE 
    transaction_type = 'Expense' AND 
    business_id = (SELECT business_id FROM employee_table WHERE deleted = 0 LIMIT 1); -- Assuming only one business_id is relevant

-- Step 2: Calculate the total expense for each account in the fiscal year
WITH Fiscal_Year_Expenses AS (
    SELECT 
        account,
        SUM(CASE WHEN transaction_type = 'Expense' THEN amount ELSE 0 END) AS total_expense
    FROM 
        Master_txn_table
    WHERE 
        transaction_type = 'Expense' AND 
        business_id = (SELECT business_id FROM employee_table WHERE deleted = 0 LIMIT 1) -- Assuming only one business_id is relevant
        AND transaction_date BETWEEN start_date AND end_date
    GROUP BY 
        account
)
-- Step 3: Find the account with the highest total expense
SELECT 
    account,
"
Construction,What acount had our biggest expense This fiscal year?,"select account, sum(debit) from master_txn_table as T1 join chart_of_accounts as T2 on T1.account = T2.account_name where account_type in ('Expense','Other Expense') and transaction_date BETWEEN date(current_date, '-3 months', 'start of year', '+3 months') AND date(current_date) group by account order by sum(debit) desc limit 1","SELECT 
    c.account_name,
    SUM(m.amount) AS total_expense
FROM 
    Master_txn_table m
JOIN 
    chart_of_account_OB c ON m.account = c.business_id AND m.account = c.account_name
WHERE 
    m.transaction_type = 'Expense'
    AND strftime('%Y', m.transaction_date) = strftime('%Y', 'now')
GROUP BY 
    c.account_name
ORDER BY 
    total_expense DESC
LIMIT 1;","To determine which account had the biggest expense this fiscal year, we need to sum up all the expenses for each account and then identify the one with the highest total. Assuming that the `transaction_type` column in the `Master_txn_table` indicates whether a transaction is an expense or not, we can filter out the expenses and then aggregate them by account.

Here's a SQLite query to achieve this:

```sql
SELECT 
    c.account_name,
    SUM(m.amount) AS total_expense
FROM 
    Master_txn_table m
JOIN 
    chart_of_account_OB c ON m.account = c.business_id AND m.account = c.account_name
WHERE 
    m.transaction_type = 'Expense'
    AND strftime('%Y', m.transaction_date) = strftime('%Y', 'now')
GROUP BY 
    c.account_name
ORDER BY 
    total_expense DESC
LIMIT 1;
```

### Explanation:
- **JOIN**: We join the `Master_txn_table` with the `chart_of_account_OB` table on the `account` field to get the account name.
- **WHERE**: We filter transactions where the `transaction_type` is 'Expense' and the `transaction_date` falls within the current fiscal year using `strftime('%Y', m.transaction_date) = strftime('%Y', 'now')`.
- **GROUP BY**: We group the results by the account name to aggregate the expenses per account.
- **ORDER BY**: We order the results by the total expense in descending order.
- **LIMIT 1**: Finally, we limit the result to only return the account with the highest total expense.

This query will give you the account with the biggest expense for the current fiscal year. Adjust the `transaction_type","-- Step 1: Define the fiscal year range
WITH FiscalYear AS (
    SELECT 
        MIN(transaction_date) AS start_date,
        MAX(transaction_date) AS end_date
    FROM Master_txn_table
    WHERE transaction_date BETWEEN DATE('now', '-1 year') AND DATE('now')
),

-- Step 2: Calculate the total expense for each account in the fiscal year
ExpenseByAccount AS (
    SELECT 
        account,
        SUM(debit) AS total_expense
    FROM Master_txn_table
    WHERE transaction_date BETWEEN (SELECT start_date FROM FiscalYear) AND (SELECT end_date FROM FiscalYear)
    GROUP BY account
)

-- Step 3: Find the account with the highest total expense
SELECT 
    account,
    total_expense
FROM ExpenseByAccount
ORDER BY total_expense DESC
LIMIT 1;","To determine which account had the biggest expense for your construction company this fiscal year, you need to follow these steps:

1. Identify the fiscal year range (e.g., from January 1st of the current year to December 31st of the same year).
2. Sum up all expenses (debits) for each account in the fiscal year.
3. Find the account with the highest total expense.

Here's how you can write an SQLite query to achieve this:

```sql
-- Step 1: Define the fiscal year range
WITH FiscalYear AS (
    SELECT 
        MIN(transaction_date) AS start_date,
        MAX(transaction_date) AS end_date
    FROM Master_txn_table
    WHERE transaction_date BETWEEN DATE('now', '-1 year') AND DATE('now')
),

-- Step 2: Calculate the total expense for each account in the fiscal year
ExpenseByAccount AS (
    SELECT 
        account,
        SUM(debit) AS total_expense
    FROM Master_txn_table
    WHERE transaction_date BETWEEN (SELECT start_date FROM FiscalYear) AND (SELECT end_date FROM FiscalYear)
    GROUP BY account
)

-- Step 3: Find the account with the highest total expense
SELECT 
    account,
    total_expense
FROM ExpenseByAccount
ORDER BY total_expense DESC
LIMIT 1;
```

### Explanation:
1. **FiscalYear CTE**: This Common Table Expression (CTE) calculates the start and end"
Construction,What acount had our biggest expense This fiscal year?,"select account, sum(debit) from master_txn_table as T1 join chart_of_accounts as T2 on T1.account = T2.account_name where account_type in ('Expense','Other Expense') and transaction_date BETWEEN date(current_date, '-3 months', 'start of year', '+3 months') AND date(current_date) group by account order by sum(debit) desc limit 1","SELECT 
    c.account_name,
    SUM(m.amount) AS total_expense
FROM 
    Master_txn_table m
JOIN 
    chart_of_account_OB c ON m.account = c.business_id AND m.account = c.account_name
WHERE 
    m.transaction_type = 'Expense'
    AND strftime('%Y', m.transaction_date) = strftime('%Y', 'now')
GROUP BY 
    c.account_name
ORDER BY 
    total_expense DESC
LIMIT 1;","To determine which account had the biggest expense this fiscal year, we need to sum up all the expenses for each account and then identify the one with the highest total. Assuming that the `transaction_type` column in the `Master_txn_table` indicates whether a transaction is an expense or not, we can filter out the expenses and then aggregate them by account.

Here's a SQLite query to achieve this:

```sql
SELECT 
    c.account_name,
    SUM(m.amount) AS total_expense
FROM 
    Master_txn_table m
JOIN 
    chart_of_account_OB c ON m.account = c.business_id AND m.account = c.account_name
WHERE 
    m.transaction_type = 'Expense'
    AND strftime('%Y', m.transaction_date) = strftime('%Y', 'now')
GROUP BY 
    c.account_name
ORDER BY 
    total_expense DESC
LIMIT 1;
```

### Explanation:
- **JOIN**: We join the `Master_txn_table` with the `chart_of_account_OB` table on the `account` field to get the account name.
- **WHERE**: We filter transactions where the `transaction_type` is 'Expense' and the `transaction_date` falls within the current fiscal year using `strftime('%Y', m.transaction_date) = strftime('%Y', 'now')`.
- **GROUP BY**: We group the results by the account name to aggregate the expenses per account.
- **ORDER BY**: We order the results by the total expense in descending order.
- **LIMIT 1**: Finally, we limit the result to only return the account with the highest total expense.

This query will give you the account with the biggest expense for the current fiscal year. Adjust the `transaction_type","To determine which account had the biggest expense for your construction company this fiscal year, you need to follow these steps:

1. Identify the relevant fiscal year from the `Master_txn_table`.
2. Sum up the expenses (credit) for each account in the fiscal year.
3. Find the account with the highest total expense.

Here's a step-by-step SQLite query to achieve this:

```sql
-- Step 1: Determine the fiscal year range
SELECT 
    MIN(transaction_date) AS start_date,
    MAX(transaction_date) AS end_date
FROM 
    Master_txn_table
WHERE 
    transaction_type = 'Expense' AND 
    business_id = (SELECT business_id FROM employee_table WHERE deleted = 0 LIMIT 1); -- Assuming only one business_id is relevant

-- Step 2: Calculate the total expense for each account in the fiscal year
WITH Fiscal_Year_Expenses AS (
    SELECT 
        account,
        SUM(CASE WHEN transaction_type = 'Expense' THEN amount ELSE 0 END) AS total_expense
    FROM 
        Master_txn_table
    WHERE 
        transaction_type = 'Expense' AND 
        business_id = (SELECT business_id FROM employee_table WHERE deleted = 0 LIMIT 1) -- Assuming only one business_id is relevant
        AND transaction_date BETWEEN start_date AND end_date
    GROUP BY 
        account
)
-- Step 3: Find the account with the highest total expense
SELECT 
    account,","To determine which account had the biggest expense for your construction company this fiscal year, you need to follow these steps:

1. Identify the relevant fiscal year from the `Master_txn_table`.
2. Sum up the expenses (credit) for each account in the fiscal year.
3. Find the account with the highest total expense.

Here's a step-by-step SQLite query to achieve this:

```sql
-- Step 1: Determine the fiscal year range
SELECT 
    MIN(transaction_date) AS start_date,
    MAX(transaction_date) AS end_date
FROM 
    Master_txn_table
WHERE 
    transaction_type = 'Expense' AND 
    business_id = (SELECT business_id FROM employee_table WHERE deleted = 0 LIMIT 1); -- Assuming only one business_id is relevant

-- Step 2: Calculate the total expense for each account in the fiscal year
WITH Fiscal_Year_Expenses AS (
    SELECT 
        account,
        SUM(CASE WHEN transaction_type = 'Expense' THEN amount ELSE 0 END) AS total_expense
    FROM 
        Master_txn_table
    WHERE 
        transaction_type = 'Expense' AND 
        business_id = (SELECT business_id FROM employee_table WHERE deleted = 0 LIMIT 1) -- Assuming only one business_id is relevant
        AND transaction_date BETWEEN start_date AND end_date
    GROUP BY 
        account
)
-- Step 3: Find the account with the highest total expense
SELECT 
    account,
"
Construction,What acount had our biggest expense This week to date?,"select account, sum(debit) from master_txn_table as T1 join chart_of_accounts as T2 on T1.account = T2.account_name where account_type in ('Expense','Other Expense') and transaction_date BETWEEN date( current_date, ""weekday 0"", ""-7 days"") AND date( current_date) group by account order by sum(debit) desc limit 1","WITH WeeklyExpenses AS (
    SELECT 
        m.account,
        SUM(m.amount) AS total_expense
    FROM 
        Master_txn_table m
    WHERE 
        m.transaction_type = 'expense'
        AND m.transaction_date >= DATE('now', '-7 days')
    GROUP BY 
        m.account
)
SELECT 
    account,
    total_expense
FROM 
    WeeklyExpenses
ORDER BY 
    total_expense DESC
LIMIT 1;","To determine which account had the biggest expense this week to date, you need to aggregate the expenses by account and then find the one with the highest total expense. Here's a step-by-step approach:

1. Identify the transactions that have been recorded so far this week.
2. Sum up the expenses for each account.
3. Find the account with the highest total expense.

Assuming the `Master_txn_table` has a column `transaction_type` that indicates whether it's an expense (`expense`), we can write the following SQLite query:

```sql
WITH WeeklyExpenses AS (
    SELECT 
        m.account,
        SUM(m.amount) AS total_expense
    FROM 
        Master_txn_table m
    WHERE 
        m.transaction_type = 'expense'
        AND m.transaction_date >= DATE('now', '-7 days')
    GROUP BY 
        m.account
)
SELECT 
    account,
    total_expense
FROM 
    WeeklyExpenses
ORDER BY 
    total_expense DESC
LIMIT 1;
```

### Explanation:
- **WeeklyExpenses CTE**: This Common Table Expression (CTE) calculates the total expense for each account within the last 7 days.
- **WHERE clause**: Filters the transactions to include only those from the last 7 days.
- **GROUP BY**: Groups the results by account to sum up the expenses for each account.
- **ORDER BY**: Orders the results by the total expense in descending order.
- **LIMIT 1**: Limits the result to the top row, which represents the account with the highest total expense.

This query will give you the account name and the total expense for that account over the past 7 days. If you want to include more details","WITH WeeklyExpenses AS (
    SELECT 
        account,
        SUM(amount) AS total_expense
    FROM 
        Master_txn_table
    WHERE 
        transaction_date >= DATE('now', '-7 days')
        AND transaction_type = 'Expense'
        AND debit > 0
    GROUP BY 
        account
)
SELECT 
    account_name,
    total_expense
FROM 
    WeeklyExpenses
JOIN 
    chart_of_account_OB ON WeeklyExpenses.account = chart_of_account_OB.business_id
ORDER BY 
    total_expense DESC
LIMIT 1;","To determine the account that had the biggest expense this week to date, we need to follow these steps:

1. Identify the relevant transactions from the `Master_txn_table` that occurred this week.
2. Sum up the expenses (credit) for each account.
3. Find the account with the highest total expense.

Here's the SQLite query to achieve this:

```sql
WITH WeeklyExpenses AS (
    SELECT 
        account,
        SUM(amount) AS total_expense
    FROM 
        Master_txn_table
    WHERE 
        transaction_date >= DATE('now', '-7 days')
        AND transaction_type = 'Expense'
        AND debit > 0
    GROUP BY 
        account
)
SELECT 
    account_name,
    total_expense
FROM 
    WeeklyExpenses
JOIN 
    chart_of_account_OB ON WeeklyExpenses.account = chart_of_account_OB.business_id
ORDER BY 
    total_expense DESC
LIMIT 1;
```

### Explanation:
1. **WeeklyExpenses CTE**: This Common Table Expression (CTE) calculates the total expense for each account within the last 7 days. It filters out only those transactions where the `transaction_type` is 'Expense' and `debit` is greater than 0 (indicating an expense).
2. **JOIN with chart_of_account_OB**: We join the `WeeklyExpenses` CTE with the `chart_of_account_OB` table to get the full name of the"
Construction,What acount had our biggest expense This week to date?,"select account, sum(debit) from master_txn_table as T1 join chart_of_accounts as T2 on T1.account = T2.account_name where account_type in ('Expense','Other Expense') and transaction_date BETWEEN date( current_date, ""weekday 0"", ""-7 days"") AND date( current_date) group by account order by sum(debit) desc limit 1","WITH WeeklyExpenses AS (
    SELECT 
        m.account,
        SUM(m.amount) AS total_expense
    FROM 
        Master_txn_table m
    WHERE 
        m.transaction_type = 'expense'
        AND m.transaction_date >= DATE('now', '-7 days')
    GROUP BY 
        m.account
)
SELECT 
    account,
    total_expense
FROM 
    WeeklyExpenses
ORDER BY 
    total_expense DESC
LIMIT 1;","To determine which account had the biggest expense this week to date, you need to aggregate the expenses by account and then find the one with the highest total expense. Here's a step-by-step approach:

1. Identify the transactions that have been recorded so far this week.
2. Sum up the expenses for each account.
3. Find the account with the highest total expense.

Assuming the `Master_txn_table` has a column `transaction_type` that indicates whether it's an expense (`expense`), we can write the following SQLite query:

```sql
WITH WeeklyExpenses AS (
    SELECT 
        m.account,
        SUM(m.amount) AS total_expense
    FROM 
        Master_txn_table m
    WHERE 
        m.transaction_type = 'expense'
        AND m.transaction_date >= DATE('now', '-7 days')
    GROUP BY 
        m.account
)
SELECT 
    account,
    total_expense
FROM 
    WeeklyExpenses
ORDER BY 
    total_expense DESC
LIMIT 1;
```

### Explanation:
- **WeeklyExpenses CTE**: This Common Table Expression (CTE) calculates the total expense for each account within the last 7 days.
- **WHERE clause**: Filters the transactions to include only those from the last 7 days.
- **GROUP BY**: Groups the results by account to sum up the expenses for each account.
- **ORDER BY**: Orders the results by the total expense in descending order.
- **LIMIT 1**: Limits the result to the top row, which represents the account with the highest total expense.

This query will give you the account name and the total expense for that account over the past 7 days. If you want to include more details","To determine which account had the biggest expense this week to date, we need to follow these steps:

1. Identify the relevant transactions that occurred this week.
2. Sum up the expenses for each account.
3. Find the account with the highest total expense.

Here's a step-by-step SQLite query to achieve this:

1. **Identify Transactions from This Week**: We need to filter transactions based on the `transaction_date` being within the current week.
2. **Sum Expenses by Account**: We will sum the `amount` for each account in the filtered transactions.
3. **Find the Account with the Highest Expense**: We will use an aggregate function to find the maximum sum of expenses.

Assuming today is the current date and we want to consider the last 7 days as ""this week"":

```sql
-- Step 1: Get the current date and the start of this week
SELECT 
    DATE('now', 'localtime') AS current_date,
    DATE('now', 'localtime', '-7 days') AS start_of_week;

-- Step 2: Filter transactions from this week and sum expenses by account
WITH weekly_expenses AS (
    SELECT 
        m.account,
        SUM(m.amount) AS total_expense
    FROM 
        Master_txn_table m
    WHERE 
        m.transaction_date >= DATE('now', 'localtime', '-7 days')
        AND m.transaction_date < DATE('now', 'localtime')
        AND m.transaction","To determine which account had the biggest expense this week to date, we need to follow these steps:

1. Identify the relevant transactions that occurred this week.
2. Sum up the expenses for each account.
3. Find the account with the highest total expense.

Here's a step-by-step SQLite query to achieve this:

1. **Identify Transactions from This Week**: We need to filter transactions based on the `transaction_date` being within the current week.
2. **Sum Expenses by Account**: We will sum the `amount` for each account in the filtered transactions.
3. **Find the Account with the Highest Expense**: We will use an aggregate function to find the maximum sum of expenses.

Assuming today is the current date and we want to consider the last 7 days as ""this week"":

```sql
-- Step 1: Get the current date and the start of this week
SELECT 
    DATE('now', 'localtime') AS current_date,
    DATE('now', 'localtime', '-7 days') AS start_of_week;

-- Step 2: Filter transactions from this week and sum expenses by account
WITH weekly_expenses AS (
    SELECT 
        m.account,
        SUM(m.amount) AS total_expense
    FROM 
        Master_txn_table m
    WHERE 
        m.transaction_date >= DATE('now', 'localtime', '-7 days')
        AND m.transaction_date < DATE('now', 'localtime')
        AND m.transaction"
Retail,How much revenue came through John Roberson This quarter?,"select sum(credit) from master_txn_table as T1 join chart_of_accounts as T2 on T1.account = T2.account_name where customers = """"John Roberson"""" and account_type in ('Income','Other Income') and transaction_date >= strftime('%Y-%m-%d', strftime('%Y', 'now', '-1 year') || '-' || substr('00' || (((strftime('%m', 'now') - 1) / 3) * 3 + 1), -2, 2) || '-01')","SELECT SUM(amount) AS total_revenue
FROM Master_txn_table
WHERE created_user = 'John Roberson'
  AND strftime('%Y-%m', transaction_date) IN (
    SELECT strftime('%Y-%m', date('now', '-3 months'))
  );","To determine the total revenue that came through John Roberson this quarter, you need to sum up all the `sale` transactions where the `created_user` is ""John Roberson"" and the `transaction_date` falls within the current quarter.

Here's a SQLite query to achieve this:

```sql
SELECT SUM(amount) AS total_revenue
FROM Master_txn_table
WHERE created_user = 'John Roberson'
  AND strftime('%Y-%m', transaction_date) IN (
    SELECT strftime('%Y-%m', date('now', '-3 months'))
  );
```

### Explanation:
1. **`strftime('%Y-%m', transaction_date)`**: This function extracts the year and month from the `transaction_date`. It helps in filtering transactions based on the current quarter.
2. **`strftime('%Y-%m', date('now', '-3 months'))`**: This part calculates the start of the previous quarter by subtracting three months from the current date.
3. **`IN` clause**: This ensures that only transactions from the current quarter are considered.
4. **`SUM(amount)`**: This sums up all the `amount` values for the filtered transactions.

Make sure to adjust the `created_user` value if it's not exactly ""John Roberson"". If there are any special characters or spaces in the name, you might need to use `LIKE` with wildcards or escape characters.

If you want to include transactions from the entire quarter instead of just the last three months, you can modify the date subtraction accordingly.","To determine the revenue that came through John Roberson this quarter, we need to follow these steps:

1. Identify the transactions where John Roberson is involved as either the customer or the vendor.
2. Filter the transactions by the current quarter.
3. Sum up the revenue amounts.

Here's a step-by-step SQLite query to achieve this:

```sql
-- Step 1: Identify relevant transactions involving John Roberson
SELECT 
    m.transaction_id,
    m.transaction_date,
    m.customer_name,
    m.vendor_name,
    m.product_service,
    m.quantity,
    m.rate,
    m.credit,
    m.debit,
    m.sale,
    m.purchase,
    m.billable,
    m.invoiced,
    m.cleared,
    m.payment_method,
    m.misc_(business_specific_fields)
FROM 
    Master_txn_table m
JOIN 
    customer_table c ON m.customer_name = c.customer_name AND m.business_id = c.business_id
WHERE 
    c.customer_name = 'John Roberson' OR 
    (m.vendor_name IS NOT NULL AND m.vendor_name = 'John Roberson');

-- Step 2: Filter by the current quarter
WITH CurrentQuarter AS (
    SELECT 
        DATE_TRUNC('quarter', CURRENT_DATE) AS quarter_start,
        DATE_TRUNC('quarter', CURRENT_DATE + INTERVAL '3 months') - INTERVAL '1 day' AS quarter_end
),
FilteredTransactions AS (
    SELECT 
        *
    FROM 
        Current","To determine the revenue that came through John Roberson this quarter, we need to follow these steps:

1. Identify the transactions where John Roberson is involved as either the customer or the vendor.
2. Filter the transactions by the current quarter.
3. Sum up the revenue amounts.

Here's a step-by-step SQLite query to achieve this:

```sql
-- Step 1: Identify relevant transactions involving John Roberson
SELECT 
    m.transaction_id,
    m.transaction_date,
    m.customer_name,
    m.vendor_name,
    m.product_service,
    m.quantity,
    m.rate,
    m.credit,
    m.debit,
    m.sale,
    m.purchase,
    m.billable,
    m.invoiced,
    m.cleared,
    m.payment_method,
    m.misc_(business_specific_fields)
FROM 
    Master_txn_table m
JOIN 
    customer_table c ON m.customer_name = c.customer_name AND m.business_id = c.business_id
WHERE 
    c.customer_name = 'John Roberson' OR 
    (m.vendor_name IS NOT NULL AND m.vendor_name = 'John Roberson');

-- Step 2: Filter by the current quarter
WITH CurrentQuarter AS (
    SELECT 
        DATE_TRUNC('quarter', CURRENT_DATE) AS quarter_start,
        DATE_TRUNC('quarter', CURRENT_DATE + INTERVAL '3 months') - INTERVAL '1 day' AS quarter_end
),
FilteredTransactions AS (
    SELECT 
        *
    FROM 
        Current"
Retail,Check the sales receipts record and compute the average quantities ordered with the payment method [payment_method].,"SELECT avg(quantity_per_transaction) FROM (select transaction_id, sum(quantity) as quantity_per_transaction from master_txn_table where transaction_type = 'sales receipt' and payment_method = ""[payment_method]"" group by transaction_id)","SELECT 
    pm.payment_method,
    AVG(mt.quantity) AS avg_quantity
FROM 
    Master_txn_table mt
JOIN 
    payment_method pm ON mt.business_id = pm.business_id
GROUP BY 
    pm.payment_method;","To compute the average quantities ordered for each payment method, you can use the `Master_txn_table` to join with the `payment_method` table on the `business_id` column. Then, group by the `payment_method` and calculate the average of the `quantity` column.

Here is the SQL query to achieve this:

```sql
SELECT 
    pm.payment_method,
    AVG(mt.quantity) AS avg_quantity
FROM 
    Master_txn_table mt
JOIN 
    payment_method pm ON mt.business_id = pm.business_id
GROUP BY 
    pm.payment_method;
```

### Explanation:
- **Master_txn_table**: This table contains all the transaction records including the `quantity` field which represents the number of items sold or purchased.
- **payment_method**: This table contains the payment methods used for transactions.
- **JOIN**: We join these two tables using the `business_id` to ensure that we only consider transactions from the same business.
- **AVG(mt.quantity)**: This calculates the average quantity for each payment method.
- **GROUP BY pm.payment_method**: This groups the results by the payment method so that we get an average quantity per payment method.

This query will return a list of payment methods along with their corresponding average quantities ordered.","SELECT 
    pm.payment_method,
    AVG(mtt.quantity) AS avg_quantity
FROM 
    Master_txn_table mtt
JOIN 
    product_service_table psv ON mtt.product_service = psv.product_service
JOIN 
    customer_table ct ON mtt.customer_name = ct.customer_name
JOIN 
    payment_method pm ON mtt.payment_method = pm.payment_method
WHERE 
    mtt.transaction_type = 'sale'
GROUP BY 
    pm.payment_method;","To compute the average quantities ordered for each payment method, we need to join multiple tables to get the necessary information. Here's a step-by-step breakdown of how to achieve this using an SQLite query:

1. **Join the `Master_txn_table` with `product_service_table`**: To get the product service details.
2. **Join the `Master_txn_table` with `customer_table`**: To get the customer details.
3. **Filter the records where `transaction_type` is 'sale'**: This ensures that only sales transactions are considered.
4. **Group by `payment_method` and calculate the average quantity**: This will give us the average quantity ordered per payment method.

Here's the SQL query to achieve this:

```sql
SELECT 
    pm.payment_method,
    AVG(mtt.quantity) AS avg_quantity
FROM 
    Master_txn_table mtt
JOIN 
    product_service_table psv ON mtt.product_service = psv.product_service
JOIN 
    customer_table ct ON mtt.customer_name = ct.customer_name
JOIN 
    payment_method pm ON mtt.payment_method = pm.payment_method
WHERE 
    mtt.transaction_type = 'sale'
GROUP BY 
    pm.payment_method;
```

### Explanation:
- **Master_txn_table**: Contains all transaction details including the payment method.
- **product_service_table**: Maps the product_service codes to their descriptions.
- **customer_table**: Provides customer details which are not directly needed but might be useful for context"
Retail,Check the sales receipts record and compute the average quantities ordered with the payment method [payment_method].,"SELECT avg(quantity_per_transaction) FROM (select transaction_id, sum(quantity) as quantity_per_transaction from master_txn_table where transaction_type = 'sales receipt' and payment_method = ""[payment_method]"" group by transaction_id)","SELECT 
    pm.payment_method,
    AVG(mt.quantity) AS avg_quantity
FROM 
    Master_txn_table mt
JOIN 
    payment_method pm ON mt.business_id = pm.business_id
GROUP BY 
    pm.payment_method;","To compute the average quantities ordered for each payment method, you can use the `Master_txn_table` to join with the `payment_method` table on the `business_id` column. Then, group by the `payment_method` and calculate the average of the `quantity` column.

Here is the SQL query to achieve this:

```sql
SELECT 
    pm.payment_method,
    AVG(mt.quantity) AS avg_quantity
FROM 
    Master_txn_table mt
JOIN 
    payment_method pm ON mt.business_id = pm.business_id
GROUP BY 
    pm.payment_method;
```

### Explanation:
- **Master_txn_table**: This table contains all the transaction records including the `quantity` field which represents the number of items sold or purchased.
- **payment_method**: This table contains the payment methods used for transactions.
- **JOIN**: We join these two tables using the `business_id` to ensure that we only consider transactions from the same business.
- **AVG(mt.quantity)**: This calculates the average quantity for each payment method.
- **GROUP BY pm.payment_method**: This groups the results by the payment method so that we get an average quantity per payment method.

This query will return a list of payment methods along with their corresponding average quantities ordered.","SELECT 
    pm.payment_method,
    AVG(pst.quantity) AS avg_quantity
FROM 
    Master_txn_table m
JOIN 
    product_service_table pst ON m.business_id = pst.business_id AND m.product_service = pst.product_service
WHERE 
    m.transaction_type = 'SALE'
GROUP BY 
    pm.payment_method;","To compute the average quantities ordered for each payment method, we need to join the `Master_txn_table` with the `product_service_table` and filter by the `transaction_type` that corresponds to sales receipts (typically 'SALE' or similar). We will then group by the `payment_method` and calculate the average of the `quantity` column.

Here's the step-by-step SQLite query:

1. Join the `Master_txn_table` with the `product_service_table`.
2. Filter the records where `transaction_type` is 'SALE'.
3. Group the results by `payment_method`.
4. Calculate the average of the `quantity` column.

```sql
SELECT 
    pm.payment_method,
    AVG(pst.quantity) AS avg_quantity
FROM 
    Master_txn_table m
JOIN 
    product_service_table pst ON m.business_id = pst.business_id AND m.product_service = pst.product_service
WHERE 
    m.transaction_type = 'SALE'
GROUP BY 
    pm.payment_method;
```

### Explanation:
- **Master_txn_table**: This table contains all transaction records including sales receipts.
- **product_service_table**: This table maps the product or service codes to their respective names and types.
- **JOIN**: We join these two tables on the `business_id` and `product_service` columns to match the transactions with the corresponding products/services.
- **WHERE**: We filter the records to include only those where the `transaction_type` is 'SALE'.
"
Retail,Check the sales receipts record and compute the average quantities ordered with the payment method [payment_method].,"SELECT avg(quantity_per_transaction) FROM (select transaction_id, sum(quantity) as quantity_per_transaction from master_txn_table where transaction_type = 'sales receipt' and payment_method = ""[payment_method]"" group by transaction_id)","SELECT 
    pm.payment_method,
    AVG(mt.quantity) AS avg_quantity
FROM 
    Master_txn_table mt
JOIN 
    payment_method pm ON mt.business_id = pm.business_id
GROUP BY 
    pm.payment_method;","To compute the average quantities ordered for each payment method, you can use the `Master_txn_table` to join with the `payment_method` table on the `business_id` column. Then, group by the `payment_method` and calculate the average of the `quantity` column.

Here is the SQL query to achieve this:

```sql
SELECT 
    pm.payment_method,
    AVG(mt.quantity) AS avg_quantity
FROM 
    Master_txn_table mt
JOIN 
    payment_method pm ON mt.business_id = pm.business_id
GROUP BY 
    pm.payment_method;
```

### Explanation:
- **Master_txn_table**: This table contains all the transaction records including the `quantity` field which represents the number of items sold or purchased.
- **payment_method**: This table contains the payment methods used for transactions.
- **JOIN**: We join these two tables using the `business_id` to ensure that we only consider transactions from the same business.
- **AVG(mt.quantity)**: This calculates the average quantity for each payment method.
- **GROUP BY pm.payment_method**: This groups the results by the payment method so that we get an average quantity per payment method.

This query will return a list of payment methods along with their corresponding average quantities ordered.","SELECT 
    payment_method,
    AVG(quantity) AS avg_quantity
FROM 
    Master_txn_table
JOIN 
    product_service_table ON Master_txn_table.business_id = product_service_table.business_id
WHERE 
    transaction_type = 'sale'
GROUP BY 
    payment_method;","To compute the average quantities ordered for each payment method, we need to join the `Master_txn_table` with the `product_service_table` and filter the records where `transaction_type` is 'sale'. Then, we can group by `payment_method` and calculate the average of the `quantity` column.

Here's the step-by-step SQLite query:

1. Join the `Master_txn_table` with the `product_service_table` on the `business_id`.
2. Filter the records where `transaction_type` is 'sale'.
3. Group the results by `payment_method`.
4. Calculate the average of the `quantity` column.

```sql
SELECT 
    payment_method,
    AVG(quantity) AS avg_quantity
FROM 
    Master_txn_table
JOIN 
    product_service_table ON Master_txn_table.business_id = product_service_table.business_id
WHERE 
    transaction_type = 'sale'
GROUP BY 
    payment_method;
```

This query will give you the average quantities ordered for each payment method."
Retail,Check the sales receipts record and compute the average quantities ordered with the payment method [payment_method].,"SELECT avg(quantity_per_transaction) FROM (select transaction_id, sum(quantity) as quantity_per_transaction from master_txn_table where transaction_type = 'sales receipt' and payment_method = ""[payment_method]"" group by transaction_id)","SELECT 
    pm.payment_method,
    AVG(mt.quantity) AS avg_quantity
FROM 
    Master_txn_table mt
JOIN 
    payment_method pm ON mt.business_id = pm.business_id
GROUP BY 
    pm.payment_method;","To compute the average quantities ordered for each payment method, you can use the `Master_txn_table` to join with the `payment_method` table on the `business_id` column. Then, group by the `payment_method` and calculate the average of the `quantity` column.

Here is the SQL query to achieve this:

```sql
SELECT 
    pm.payment_method,
    AVG(mt.quantity) AS avg_quantity
FROM 
    Master_txn_table mt
JOIN 
    payment_method pm ON mt.business_id = pm.business_id
GROUP BY 
    pm.payment_method;
```

### Explanation:
- **Master_txn_table**: This table contains all the transaction records including the `quantity` field which represents the number of items sold or purchased.
- **payment_method**: This table contains the payment methods used for transactions.
- **JOIN**: We join these two tables using the `business_id` to ensure that we only consider transactions from the same business.
- **AVG(mt.quantity)**: This calculates the average quantity for each payment method.
- **GROUP BY pm.payment_method**: This groups the results by the payment method so that we get an average quantity per payment method.

This query will return a list of payment methods along with their corresponding average quantities ordered.","SELECT 
    pm.payment_method,
    AVG(pst.quantity) AS average_quantity
FROM 
    Master_txn_table mtt
JOIN 
    product_service_table pst ON mtt.business_id = pst.business_id AND mtt.product_service = pst.product_service
WHERE 
    mtt.transaction_type = 'SALE'
GROUP BY 
    pm.payment_method;","To compute the average quantities ordered for each payment method, we need to join the `Master_txn_table` with the `product_service_table` and filter by the `transaction_type` that corresponds to sales receipts (typically 'SALE' or similar). We will then group by the `payment_method` and calculate the average of the `quantity` column.

Here is the step-by-step SQLite query:

1. Join the `Master_txn_table` with the `product_service_table`.
2. Filter the records where `transaction_type` is 'SALE'.
3. Group the results by `payment_method`.
4. Calculate the average of the `quantity` column.

```sql
SELECT 
    pm.payment_method,
    AVG(pst.quantity) AS average_quantity
FROM 
    Master_txn_table mtt
JOIN 
    product_service_table pst ON mtt.business_id = pst.business_id AND mtt.product_service = pst.product_service
WHERE 
    mtt.transaction_type = 'SALE'
GROUP BY 
    pm.payment_method;
```

Explanation:
- `Master_txn_table` is joined with `product_service_table` on the `business_id` and `product_service` columns.
- The `transaction_type` is filtered to be 'SALE'.
- The result is grouped by `payment_method`.
- The average of the `quantity` column is calculated using the `AVG()` function.

This query will give you the average quantities ordered for each payment method in the sales receipts records"
Retail,When was the last time we sold Photography,"select transaction_date from master_txn_table as T1 join chart_of_accounts as T2 on T1.account = T2.account_name where account_type in ('Income','Other Income') and product_service = ""Photography"" order by transaction_date desc limit 1","SELECT MAX(transaction_date) AS last_sold_date
FROM Master_txn_table
JOIN product_service_table ON Master_txn_table.business_id = product_service_table.business_id
WHERE product_service_table.product_service = 'Photography';","To determine when the last time a Photography product service was sold, you can use the following SQLite query:

```sql
SELECT MAX(transaction_date) AS last_sold_date
FROM Master_txn_table
JOIN product_service_table ON Master_txn_table.business_id = product_service_table.business_id
WHERE product_service_table.product_service = 'Photography';
```

This query joins the `Master_txn_table` with the `product_service_table` on the `business_id` and filters the results to only include rows where the `product_service` is 'Photography'. It then selects the maximum `transaction_date` from these rows, which will give you the date of the last sale for the Photography product service.","SELECT transaction_date
FROM Master_txn_table
WHERE product_service = 'Photography'
ORDER BY transaction_date DESC
LIMIT 1;","To determine when the last time a Photography product service was sold, you can use the `Master_txn_table` to filter transactions where the `product_service` is 'Photography'. Then, you can find the most recent transaction date by ordering the results by `transaction_date` in descending order and selecting the first row.

Here's the SQLite query to achieve this:

```sql
SELECT transaction_date
FROM Master_txn_table
WHERE product_service = 'Photography'
ORDER BY transaction_date DESC
LIMIT 1;
```

This query will return the latest date on which a Photography product service was sold."
Retail,When was the last time we sold Application Hosting,"select transaction_date from master_txn_table as T1 join chart_of_accounts as T2 on T1.account = T2.account_name where account_type in ('Income','Other Income') and product_service = ""Application Hosting"" order by transaction_date desc limit 1","SELECT 
    MAX(transaction_date) AS last_sold_date
FROM 
    Master_txn_table
JOIN 
    product_service_table ON Master_txn_table.business_id = product_service_table.business_id
WHERE 
    product_service_table.product_service = 'Application Hosting';","To determine when the last time an application hosting service was sold, you can use the following SQLite query:

```sql
SELECT 
    MAX(transaction_date) AS last_sold_date
FROM 
    Master_txn_table
JOIN 
    product_service_table ON Master_txn_table.business_id = product_service_table.business_id
WHERE 
    product_service_table.product_service = 'Application Hosting';
```

This query joins the `Master_txn_table` with the `product_service_table` on the `business_id` to filter transactions related to the specific product service type ""Application Hosting"". It then selects the maximum `transaction_date` from the filtered transactions to find the last date of a sale for this product service.","SELECT MAX(transaction_date)
FROM Master_txn_table
WHERE product_service = 'Application Hosting';","To determine when the last time an application hosting service was sold, you can use the `Master_txn_table` table and filter by the specific product service type 'Application Hosting'. Then, you can find the most recent transaction date.

Here's the step-by-step SQLite query to achieve this:

1. Filter the `Master_txn_table` for transactions where the `product_service` is 'Application Hosting'.
2. Select the maximum `transaction_date` from these filtered transactions.

```sql
SELECT MAX(transaction_date)
FROM Master_txn_table
WHERE product_service = 'Application Hosting';
```

This query will return the latest date on which an application hosting service was sold. If there are no records for 'Application Hosting', the query will return NULL. If you want to ensure that the result is not NULL, you might want to add a condition to check if any records exist:

```sql
SELECT MAX(transaction_date)
FROM Master_txn_table
WHERE product_service = 'Application Hosting'
  AND transaction_date IS NOT NULL;
```

This ensures that the query returns NULL only if there are no records at all for 'Application Hosting'."
Retail,Compare sales by customer in may last year,"select customers, sum(credit) from master_txn_table where account in ('Income','Other Income') and transaction_date BETWEEN date(current_date, '-1 year', 'start of year', '+4 month') AND date(current_date, '-1 year', 'start of year', '+5 month', '-1 day') group by customers","SELECT 
    ct.customer_name,
    SUM(mt.amount) AS total_sales
FROM 
    Master_txn_table mt
JOIN 
    customer_table ct ON mt.business_id = ct.business_id AND mt.customer_name = ct.customer_name
WHERE 
    mt.transaction_date BETWEEN DATE('now', '-1 year') AND DATE('now', '-1 year', 'month 5')
GROUP BY 
    ct.customer_name;","To compare sales by customer in May of the previous year using SQLite, you need to join the relevant tables and filter the data accordingly. Here's a step-by-step SQL query to achieve this:

1. Join the `Master_txn_table` with the `customer_table`.
2. Filter the transactions to include only those from May of the previous year.
3. Sum up the sales amounts for each customer.

Assuming the current date is used to determine ""May of the previous year,"" here's the SQL query:

```sql
SELECT 
    ct.customer_name,
    SUM(mt.amount) AS total_sales
FROM 
    Master_txn_table mt
JOIN 
    customer_table ct ON mt.business_id = ct.business_id AND mt.customer_name = ct.customer_name
WHERE 
    mt.transaction_date BETWEEN DATE('now', '-1 year') AND DATE('now', '-1 year', 'month 5')
GROUP BY 
    ct.customer_name;
```

### Explanation:
- **Master_txn_table**: This table contains all the transaction details.
- **customer_table**: This table contains information about customers.
- **DATE('now', '-1 year')**: This function returns the date one year ago from today.
- **DATE('now', '-1 year', 'month 5')**: This function returns the first day of May of the previous year.
- **SUM(mt.amount)**: This calculates the total sales amount for each customer.
- **GROUP BY ct.customer_name**: This groups the results by customer name so that we can sum up the sales for each customer.

This query will give you the total sales for each customer in May of the previous year. If you want to include other filters or additional columns, you can modify the query","SELECT 
    c.customer_name AS customer,
    SUM(m.sale) AS total_sales
FROM 
    Master_txn_table m
JOIN 
    customer_table c ON m.business_id = c.business_id AND m.customer_name = c.customer_name
WHERE 
    m.transaction_date BETWEEN DATE('now', '-1 year') AND DATE('now', '-1 year', 'month 5')
GROUP BY 
    c.customer_name;","To compare sales by customer in May of the previous year, we need to follow these steps:

1. Identify the relevant tables and columns that contain information about sales.
2. Filter the data to include only sales transactions from May of the previous year.
3. Group the results by customer to calculate the total sales for each customer.
4. Execute the query using SQLite.

Here is the step-by-step SQLite query to achieve this:

```sql
SELECT 
    c.customer_name AS customer,
    SUM(m.sale) AS total_sales
FROM 
    Master_txn_table m
JOIN 
    customer_table c ON m.business_id = c.business_id AND m.customer_name = c.customer_name
WHERE 
    m.transaction_date BETWEEN DATE('now', '-1 year') AND DATE('now', '-1 year', 'month 5')
GROUP BY 
    c.customer_name;
```

### Explanation:
- **Master_txn_table**: This table contains all transaction details including sales (`sale` column).
- **customer_table**: This table contains customer information.
- **JOIN**: We join `Master_txn_table` with `customer_table` on `business_id` and `customer_name` to get the customer's name.
- **WHERE**: The condition `DATE('now', '-1 year') AND DATE('now', '-1 year', 'month 5')` filters the transactions to be within the month of May of the previous year.
- **SUM(m.sale)**: This calculates the total sales"
Retail,Check the sales receipts record and compute the average quantities ordered with the payment method [payment_method].,"SELECT avg(quantity_per_transaction) FROM (select transaction_id, sum(quantity) as quantity_per_transaction from master_txn_table where transaction_type = 'sales receipt' and payment_method = ""[payment_method]"" group by transaction_id)","SELECT 
    pm.payment_method,
    AVG(mt.quantity) AS avg_quantity
FROM 
    Master_txn_table mt
JOIN 
    payment_method pm ON mt.business_id = pm.business_id AND mt.payment_method = pm.payment_method
GROUP BY 
    pm.payment_method;","To compute the average quantities ordered for each payment method, you can use the `AVG` function in SQLite along with a `JOIN` to link the `Master_txn_table` with the `payment_method` table. Here's how you can write the query:

```sql
SELECT 
    pm.payment_method,
    AVG(mt.quantity) AS avg_quantity
FROM 
    Master_txn_table mt
JOIN 
    payment_method pm ON mt.business_id = pm.business_id AND mt.payment_method = pm.payment_method
GROUP BY 
    pm.payment_method;
```

### Explanation:
- **Master_txn_table**: This is the main table containing all the transaction records.
- **payment_method**: This table contains the payment methods used by the transactions.
- **JOIN**: We join the two tables on the `business_id` and `payment_method` columns to ensure that we only consider transactions that match the payment method.
- **AVG(mt.quantity)**: This calculates the average of the `quantity` column from the `Master_txn_table`.
- **GROUP BY pm.payment_method**: This groups the results by the payment method so that the average quantity can be computed for each unique payment method.

This query will return a list of payment methods along with their corresponding average quantities ordered.","SELECT 
    pm.payment_method,
    AVG(mtt.quantity) AS avg_quantity
FROM 
    Master_txn_table mtt
JOIN 
    product_service_table psv ON mtt.product_service = psv.product_service
JOIN 
    customer_table ct ON mtt.customer_name = ct.customer_name
JOIN 
    payment_method pm ON mtt.payment_method = pm.payment_method
WHERE 
    mtt.transaction_type = 'sale'
GROUP BY 
    pm.payment_method;","To compute the average quantities ordered for each payment method, we need to join multiple tables to get the necessary information. Here's a step-by-step breakdown of how to achieve this using an SQLite query:

1. **Join the `Master_txn_table` with `product_service_table`**: To get the product service details.
2. **Join the `Master_txn_table` with `customer_table`**: To get the customer details.
3. **Filter the records where `transaction_type` is 'sale'**: This ensures that only sales transactions are considered.
4. **Group by `payment_method` and calculate the average quantity**: This will give us the average quantity ordered per payment method.

Here's the SQL query to achieve this:

```sql
SELECT 
    pm.payment_method,
    AVG(mtt.quantity) AS avg_quantity
FROM 
    Master_txn_table mtt
JOIN 
    product_service_table psv ON mtt.product_service = psv.product_service
JOIN 
    customer_table ct ON mtt.customer_name = ct.customer_name
JOIN 
    payment_method pm ON mtt.payment_method = pm.payment_method
WHERE 
    mtt.transaction_type = 'sale'
GROUP BY 
    pm.payment_method;
```

### Explanation:
- **Master_txn_table**: Contains all transaction details including the payment method.
- **product_service_table**: Maps the product_service codes to their descriptions.
- **customer_table**: Provides customer details which are not directly needed but might be useful for context"
Retail,Check the sales receipts record and compute the average quantities ordered with the payment method [payment_method].,"SELECT avg(quantity_per_transaction) FROM (select transaction_id, sum(quantity) as quantity_per_transaction from master_txn_table where transaction_type = 'sales receipt' and payment_method = ""[payment_method]"" group by transaction_id)","SELECT 
    pm.payment_method,
    AVG(mt.quantity) AS avg_quantity
FROM 
    Master_txn_table mt
JOIN 
    payment_method pm ON mt.business_id = pm.business_id AND mt.payment_method = pm.payment_method
GROUP BY 
    pm.payment_method;","To compute the average quantities ordered for each payment method, you can use the `AVG` function in SQLite along with a `JOIN` to link the `Master_txn_table` with the `payment_method` table. Here's how you can write the query:

```sql
SELECT 
    pm.payment_method,
    AVG(mt.quantity) AS avg_quantity
FROM 
    Master_txn_table mt
JOIN 
    payment_method pm ON mt.business_id = pm.business_id AND mt.payment_method = pm.payment_method
GROUP BY 
    pm.payment_method;
```

### Explanation:
- **Master_txn_table**: This is the main table containing all the transaction records.
- **payment_method**: This table contains the payment methods used by the transactions.
- **JOIN**: We join the two tables on the `business_id` and `payment_method` columns to ensure that we only consider transactions that match the payment method.
- **AVG(mt.quantity)**: This calculates the average of the `quantity` column from the `Master_txn_table`.
- **GROUP BY pm.payment_method**: This groups the results by the payment method so that the average quantity can be computed for each unique payment method.

This query will return a list of payment methods along with their corresponding average quantities ordered.","SELECT 
    pm.payment_method,
    AVG(pst.quantity) AS avg_quantity
FROM 
    Master_txn_table m
JOIN 
    product_service_table pst ON m.business_id = pst.business_id AND m.product_service = pst.product_service
WHERE 
    m.transaction_type = 'SALE'
GROUP BY 
    pm.payment_method;","To compute the average quantities ordered for each payment method, we need to join the `Master_txn_table` with the `product_service_table` and filter by the `transaction_type` that corresponds to sales receipts (typically 'SALE' or similar). We will then group by the `payment_method` and calculate the average of the `quantity` column.

Here's the step-by-step SQLite query:

1. Join the `Master_txn_table` with the `product_service_table`.
2. Filter the records where `transaction_type` is 'SALE'.
3. Group the results by `payment_method`.
4. Calculate the average of the `quantity` column.

```sql
SELECT 
    pm.payment_method,
    AVG(pst.quantity) AS avg_quantity
FROM 
    Master_txn_table m
JOIN 
    product_service_table pst ON m.business_id = pst.business_id AND m.product_service = pst.product_service
WHERE 
    m.transaction_type = 'SALE'
GROUP BY 
    pm.payment_method;
```

### Explanation:
- **Master_txn_table**: This table contains all transaction records including sales receipts.
- **product_service_table**: This table maps the product or service codes to their respective names and types.
- **JOIN**: We join these two tables on the `business_id` and `product_service` columns to match the transactions with the corresponding products/services.
- **WHERE**: We filter the records to include only those where the `transaction_type` is 'SALE'.
"
Retail,Check the sales receipts record and compute the average quantities ordered with the payment method [payment_method].,"SELECT avg(quantity_per_transaction) FROM (select transaction_id, sum(quantity) as quantity_per_transaction from master_txn_table where transaction_type = 'sales receipt' and payment_method = ""[payment_method]"" group by transaction_id)","SELECT 
    pm.payment_method,
    AVG(mt.quantity) AS avg_quantity
FROM 
    Master_txn_table mt
JOIN 
    payment_method pm ON mt.business_id = pm.business_id AND mt.payment_method = pm.payment_method
GROUP BY 
    pm.payment_method;","To compute the average quantities ordered for each payment method, you can use the `AVG` function in SQLite along with a `JOIN` to link the `Master_txn_table` with the `payment_method` table. Here's how you can write the query:

```sql
SELECT 
    pm.payment_method,
    AVG(mt.quantity) AS avg_quantity
FROM 
    Master_txn_table mt
JOIN 
    payment_method pm ON mt.business_id = pm.business_id AND mt.payment_method = pm.payment_method
GROUP BY 
    pm.payment_method;
```

### Explanation:
- **Master_txn_table**: This is the main table containing all the transaction records.
- **payment_method**: This table contains the payment methods used by the transactions.
- **JOIN**: We join the two tables on the `business_id` and `payment_method` columns to ensure that we only consider transactions that match the payment method.
- **AVG(mt.quantity)**: This calculates the average of the `quantity` column from the `Master_txn_table`.
- **GROUP BY pm.payment_method**: This groups the results by the payment method so that the average quantity can be computed for each unique payment method.

This query will return a list of payment methods along with their corresponding average quantities ordered.","SELECT 
    payment_method,
    AVG(quantity) AS avg_quantity
FROM 
    Master_txn_table
JOIN 
    product_service_table ON Master_txn_table.business_id = product_service_table.business_id
WHERE 
    transaction_type = 'sale'
GROUP BY 
    payment_method;","To compute the average quantities ordered for each payment method, we need to join the `Master_txn_table` with the `product_service_table` and filter the records where `transaction_type` is 'sale'. Then, we can group by `payment_method` and calculate the average of the `quantity` column.

Here's the step-by-step SQLite query:

1. Join the `Master_txn_table` with the `product_service_table` on the `business_id`.
2. Filter the records where `transaction_type` is 'sale'.
3. Group the results by `payment_method`.
4. Calculate the average of the `quantity` column.

```sql
SELECT 
    payment_method,
    AVG(quantity) AS avg_quantity
FROM 
    Master_txn_table
JOIN 
    product_service_table ON Master_txn_table.business_id = product_service_table.business_id
WHERE 
    transaction_type = 'sale'
GROUP BY 
    payment_method;
```

This query will give you the average quantities ordered for each payment method."
Retail,Check the sales receipts record and compute the average quantities ordered with the payment method [payment_method].,"SELECT avg(quantity_per_transaction) FROM (select transaction_id, sum(quantity) as quantity_per_transaction from master_txn_table where transaction_type = 'sales receipt' and payment_method = ""[payment_method]"" group by transaction_id)","SELECT 
    pm.payment_method,
    AVG(mt.quantity) AS avg_quantity
FROM 
    Master_txn_table mt
JOIN 
    payment_method pm ON mt.business_id = pm.business_id AND mt.payment_method = pm.payment_method
GROUP BY 
    pm.payment_method;","To compute the average quantities ordered for each payment method, you can use the `AVG` function in SQLite along with a `JOIN` to link the `Master_txn_table` with the `payment_method` table. Here's how you can write the query:

```sql
SELECT 
    pm.payment_method,
    AVG(mt.quantity) AS avg_quantity
FROM 
    Master_txn_table mt
JOIN 
    payment_method pm ON mt.business_id = pm.business_id AND mt.payment_method = pm.payment_method
GROUP BY 
    pm.payment_method;
```

### Explanation:
- **Master_txn_table**: This is the main table containing all the transaction records.
- **payment_method**: This table contains the payment methods used by the transactions.
- **JOIN**: We join the two tables on the `business_id` and `payment_method` columns to ensure that we only consider transactions that match the payment method.
- **AVG(mt.quantity)**: This calculates the average of the `quantity` column from the `Master_txn_table`.
- **GROUP BY pm.payment_method**: This groups the results by the payment method so that the average quantity can be computed for each unique payment method.

This query will return a list of payment methods along with their corresponding average quantities ordered.","SELECT 
    pm.payment_method,
    AVG(pst.quantity) AS average_quantity
FROM 
    Master_txn_table mtt
JOIN 
    product_service_table pst ON mtt.business_id = pst.business_id AND mtt.product_service = pst.product_service
WHERE 
    mtt.transaction_type = 'SALE'
GROUP BY 
    pm.payment_method;","To compute the average quantities ordered for each payment method, we need to join the `Master_txn_table` with the `product_service_table` and filter by the `transaction_type` that corresponds to sales receipts (typically 'SALE' or similar). We will then group by the `payment_method` and calculate the average of the `quantity` column.

Here is the step-by-step SQLite query:

1. Join the `Master_txn_table` with the `product_service_table`.
2. Filter the records where `transaction_type` is 'SALE'.
3. Group the results by `payment_method`.
4. Calculate the average of the `quantity` column.

```sql
SELECT 
    pm.payment_method,
    AVG(pst.quantity) AS average_quantity
FROM 
    Master_txn_table mtt
JOIN 
    product_service_table pst ON mtt.business_id = pst.business_id AND mtt.product_service = pst.product_service
WHERE 
    mtt.transaction_type = 'SALE'
GROUP BY 
    pm.payment_method;
```

Explanation:
- `Master_txn_table` is joined with `product_service_table` on the `business_id` and `product_service` columns.
- The `transaction_type` is filtered to be 'SALE'.
- The result is grouped by `payment_method`.
- The average of the `quantity` column is calculated using the `AVG()` function.

This query will give you the average quantities ordered for each payment method in the sales receipts records"
Retail,Check the sales receipts record and compute the average quantities ordered with the payment method [payment_method].,"SELECT avg(quantity_per_transaction) FROM (select transaction_id, sum(quantity) as quantity_per_transaction from master_txn_table where transaction_type = 'sales receipt' and payment_method = ""[payment_method]"" group by transaction_id)","SELECT 
    pm.payment_method,
    AVG(mt.quantity) AS avg_quantity
FROM 
    Master_txn_table mt
JOIN 
    payment_method pm ON mt.business_id = pm.business_id AND mt.payment_method = pm.payment_method
GROUP BY 
    pm.payment_method;","To compute the average quantity ordered for each payment method, you can use the `AVG` function in SQLite along with a `JOIN` to link the `Master_txn_table` with the `payment_method` table. Here's how you can write the query:

```sql
SELECT 
    pm.payment_method,
    AVG(mt.quantity) AS avg_quantity
FROM 
    Master_txn_table mt
JOIN 
    payment_method pm ON mt.business_id = pm.business_id AND mt.payment_method = pm.payment_method
GROUP BY 
    pm.payment_method;
```

### Explanation:
- **Master_txn_table**: This is the main table containing all transaction details.
- **payment_method**: This table contains the payment methods used by the company.
- **JOIN**: We join the two tables on the `business_id` and `payment_method` columns to ensure that we only consider transactions that match a specific payment method.
- **AVG(mt.quantity)**: This calculates the average quantity ordered for each payment method.
- **GROUP BY pm.payment_method**: This groups the results by the payment method so that the average quantity can be computed for each distinct payment method.

This query will return a list of payment methods along with their corresponding average quantities ordered.","SELECT 
    pm.payment_method,
    AVG(mtt.quantity) AS avg_quantity
FROM 
    Master_txn_table mtt
JOIN 
    product_service_table psv ON mtt.product_service = psv.product_service
JOIN 
    customer_table ct ON mtt.customer_name = ct.customer_name
JOIN 
    payment_method pm ON mtt.payment_method = pm.payment_method
WHERE 
    mtt.transaction_type = 'sale'
GROUP BY 
    pm.payment_method;","To compute the average quantities ordered for each payment method, we need to join multiple tables to get the necessary information. Here's a step-by-step breakdown of how to achieve this using an SQLite query:

1. **Join the `Master_txn_table` with `product_service_table`**: To get the product service details.
2. **Join the `Master_txn_table` with `customer_table`**: To get the customer details.
3. **Filter the records where `transaction_type` is 'sale'**: This ensures that only sales transactions are considered.
4. **Group by `payment_method` and calculate the average quantity**: This will give us the average quantity ordered per payment method.

Here's the SQL query to achieve this:

```sql
SELECT 
    pm.payment_method,
    AVG(mtt.quantity) AS avg_quantity
FROM 
    Master_txn_table mtt
JOIN 
    product_service_table psv ON mtt.product_service = psv.product_service
JOIN 
    customer_table ct ON mtt.customer_name = ct.customer_name
JOIN 
    payment_method pm ON mtt.payment_method = pm.payment_method
WHERE 
    mtt.transaction_type = 'sale'
GROUP BY 
    pm.payment_method;
```

### Explanation:
- **Master_txn_table**: Contains all transaction details including the payment method.
- **product_service_table**: Maps the product_service codes to their descriptions.
- **customer_table**: Provides customer details which are not directly needed but might be useful for context"
Retail,Check the sales receipts record and compute the average quantities ordered with the payment method [payment_method].,"SELECT avg(quantity_per_transaction) FROM (select transaction_id, sum(quantity) as quantity_per_transaction from master_txn_table where transaction_type = 'sales receipt' and payment_method = ""[payment_method]"" group by transaction_id)","SELECT 
    pm.payment_method,
    AVG(mt.quantity) AS avg_quantity
FROM 
    Master_txn_table mt
JOIN 
    payment_method pm ON mt.business_id = pm.business_id AND mt.payment_method = pm.payment_method
GROUP BY 
    pm.payment_method;","To compute the average quantity ordered for each payment method, you can use the `AVG` function in SQLite along with a `JOIN` to link the `Master_txn_table` with the `payment_method` table. Here's how you can write the query:

```sql
SELECT 
    pm.payment_method,
    AVG(mt.quantity) AS avg_quantity
FROM 
    Master_txn_table mt
JOIN 
    payment_method pm ON mt.business_id = pm.business_id AND mt.payment_method = pm.payment_method
GROUP BY 
    pm.payment_method;
```

### Explanation:
- **Master_txn_table**: This is the main table containing all transaction details.
- **payment_method**: This table contains the payment methods used by the company.
- **JOIN**: We join the two tables on the `business_id` and `payment_method` columns to ensure that we only consider transactions that match a specific payment method.
- **AVG(mt.quantity)**: This calculates the average quantity ordered for each payment method.
- **GROUP BY pm.payment_method**: This groups the results by the payment method so that the average quantity can be computed for each distinct payment method.

This query will return a list of payment methods along with their corresponding average quantities ordered.","SELECT 
    pm.payment_method,
    AVG(pst.quantity) AS avg_quantity
FROM 
    Master_txn_table m
JOIN 
    product_service_table pst ON m.business_id = pst.business_id AND m.product_service = pst.product_service
WHERE 
    m.transaction_type = 'SALE'
GROUP BY 
    pm.payment_method;","To compute the average quantities ordered for each payment method, we need to join the `Master_txn_table` with the `product_service_table` and filter by the `transaction_type` that corresponds to sales receipts (typically 'SALE' or similar). We will then group by the `payment_method` and calculate the average of the `quantity` column.

Here's the step-by-step SQLite query:

1. Join the `Master_txn_table` with the `product_service_table`.
2. Filter the records where `transaction_type` is 'SALE'.
3. Group the results by `payment_method`.
4. Calculate the average of the `quantity` column.

```sql
SELECT 
    pm.payment_method,
    AVG(pst.quantity) AS avg_quantity
FROM 
    Master_txn_table m
JOIN 
    product_service_table pst ON m.business_id = pst.business_id AND m.product_service = pst.product_service
WHERE 
    m.transaction_type = 'SALE'
GROUP BY 
    pm.payment_method;
```

### Explanation:
- **Master_txn_table**: This table contains all transaction records including sales receipts.
- **product_service_table**: This table maps the product or service codes to their respective names and types.
- **JOIN**: We join these two tables on the `business_id` and `product_service` columns to match the transactions with the corresponding products/services.
- **WHERE**: We filter the records to include only those where the `transaction_type` is 'SALE'.
"
Retail,Check the sales receipts record and compute the average quantities ordered with the payment method [payment_method].,"SELECT avg(quantity_per_transaction) FROM (select transaction_id, sum(quantity) as quantity_per_transaction from master_txn_table where transaction_type = 'sales receipt' and payment_method = ""[payment_method]"" group by transaction_id)","SELECT 
    pm.payment_method,
    AVG(mt.quantity) AS avg_quantity
FROM 
    Master_txn_table mt
JOIN 
    payment_method pm ON mt.business_id = pm.business_id AND mt.payment_method = pm.payment_method
GROUP BY 
    pm.payment_method;","To compute the average quantity ordered for each payment method, you can use the `AVG` function in SQLite along with a `JOIN` to link the `Master_txn_table` with the `payment_method` table. Here's how you can write the query:

```sql
SELECT 
    pm.payment_method,
    AVG(mt.quantity) AS avg_quantity
FROM 
    Master_txn_table mt
JOIN 
    payment_method pm ON mt.business_id = pm.business_id AND mt.payment_method = pm.payment_method
GROUP BY 
    pm.payment_method;
```

### Explanation:
- **Master_txn_table**: This is the main table containing all transaction details.
- **payment_method**: This table contains the payment methods used by the company.
- **JOIN**: We join the two tables on the `business_id` and `payment_method` columns to ensure that we only consider transactions that match a specific payment method.
- **AVG(mt.quantity)**: This calculates the average quantity ordered for each payment method.
- **GROUP BY pm.payment_method**: This groups the results by the payment method so that the average quantity can be computed for each distinct payment method.

This query will return a list of payment methods along with their corresponding average quantities ordered.","SELECT 
    payment_method,
    AVG(quantity) AS avg_quantity
FROM 
    Master_txn_table
JOIN 
    product_service_table ON Master_txn_table.business_id = product_service_table.business_id
WHERE 
    transaction_type = 'sale'
GROUP BY 
    payment_method;","To compute the average quantities ordered for each payment method, we need to join the `Master_txn_table` with the `product_service_table` and filter the records where `transaction_type` is 'sale'. Then, we can group by `payment_method` and calculate the average of the `quantity` column.

Here's the step-by-step SQLite query:

1. Join the `Master_txn_table` with the `product_service_table` on the `business_id`.
2. Filter the records where `transaction_type` is 'sale'.
3. Group the results by `payment_method`.
4. Calculate the average of the `quantity` column.

```sql
SELECT 
    payment_method,
    AVG(quantity) AS avg_quantity
FROM 
    Master_txn_table
JOIN 
    product_service_table ON Master_txn_table.business_id = product_service_table.business_id
WHERE 
    transaction_type = 'sale'
GROUP BY 
    payment_method;
```

This query will give you the average quantities ordered for each payment method."
Retail,Check the sales receipts record and compute the average quantities ordered with the payment method [payment_method].,"SELECT avg(quantity_per_transaction) FROM (select transaction_id, sum(quantity) as quantity_per_transaction from master_txn_table where transaction_type = 'sales receipt' and payment_method = ""[payment_method]"" group by transaction_id)","SELECT 
    pm.payment_method,
    AVG(mt.quantity) AS avg_quantity
FROM 
    Master_txn_table mt
JOIN 
    payment_method pm ON mt.business_id = pm.business_id AND mt.payment_method = pm.payment_method
GROUP BY 
    pm.payment_method;","To compute the average quantity ordered for each payment method, you can use the `AVG` function in SQLite along with a `JOIN` to link the `Master_txn_table` with the `payment_method` table. Here's how you can write the query:

```sql
SELECT 
    pm.payment_method,
    AVG(mt.quantity) AS avg_quantity
FROM 
    Master_txn_table mt
JOIN 
    payment_method pm ON mt.business_id = pm.business_id AND mt.payment_method = pm.payment_method
GROUP BY 
    pm.payment_method;
```

### Explanation:
- **Master_txn_table**: This is the main table containing all transaction details.
- **payment_method**: This table contains the payment methods used by the company.
- **JOIN**: We join the two tables on the `business_id` and `payment_method` columns to ensure that we only consider transactions that match a specific payment method.
- **AVG(mt.quantity)**: This calculates the average quantity ordered for each payment method.
- **GROUP BY pm.payment_method**: This groups the results by the payment method so that the average quantity can be computed for each distinct payment method.

This query will return a list of payment methods along with their corresponding average quantities ordered.","SELECT 
    pm.payment_method,
    AVG(pst.quantity) AS average_quantity
FROM 
    Master_txn_table mtt
JOIN 
    product_service_table pst ON mtt.business_id = pst.business_id AND mtt.product_service = pst.product_service
WHERE 
    mtt.transaction_type = 'SALE'
GROUP BY 
    pm.payment_method;","To compute the average quantities ordered for each payment method, we need to join the `Master_txn_table` with the `product_service_table` and filter by the `transaction_type` that corresponds to sales receipts (typically 'SALE' or similar). We will then group by the `payment_method` and calculate the average of the `quantity` column.

Here is the step-by-step SQLite query:

1. Join the `Master_txn_table` with the `product_service_table`.
2. Filter the records where `transaction_type` is 'SALE'.
3. Group the results by `payment_method`.
4. Calculate the average of the `quantity` column.

```sql
SELECT 
    pm.payment_method,
    AVG(pst.quantity) AS average_quantity
FROM 
    Master_txn_table mtt
JOIN 
    product_service_table pst ON mtt.business_id = pst.business_id AND mtt.product_service = pst.product_service
WHERE 
    mtt.transaction_type = 'SALE'
GROUP BY 
    pm.payment_method;
```

Explanation:
- `Master_txn_table` is joined with `product_service_table` on the `business_id` and `product_service` columns.
- The `transaction_type` is filtered to be 'SALE'.
- The result is grouped by `payment_method`.
- The average of the `quantity` column is calculated using the `AVG()` function.

This query will give you the average quantities ordered for each payment method in the sales receipts records"
Retail,Compare sales by customer Last fiscal year,"select customers, sum(credit) from master_txn_table where account in ('Income','Other Income') and transaction_date BETWEEN date(current_date, '-3 months', 'start of year','-1 years', '+3 months') AND date(current_date, '-3 months', 'start of year','-1 years', '+3 months', '+1 years', '-1 days') group by customers","WITH FiscalYear AS (
    SELECT 
        MIN(transaction_date) AS start_date,
        MAX(transaction_date) AS end_date
    FROM Master_txn_table
    WHERE strftime('%Y', transaction_date) = strftime('%Y', 'now') - 1
)
SELECT 
    c.customer_name,
    SUM(m.amount) AS total_sales
FROM 
    Master_txn_table m
JOIN 
    customer_table c ON m.business_id = c.business_id AND m.customer_name = c.customer_name
JOIN 
    FiscalYear fy ON m.transaction_date BETWEEN fy.start_date AND fy.end_date
GROUP BY 
    c.customer_name
ORDER BY 
    total_sales DESC;","To compare sales by customer over the last fiscal year in SQLite, you need to first determine what constitutes the ""last fiscal year"" based on the `transaction_date` and then join the necessary tables to get the sales data per customer.

Assuming that the fiscal year is the same as the calendar year (January 1 to December 31), we can use the following query:

```sql
WITH FiscalYear AS (
    SELECT 
        MIN(transaction_date) AS start_date,
        MAX(transaction_date) AS end_date
    FROM Master_txn_table
    WHERE strftime('%Y', transaction_date) = strftime('%Y', 'now') - 1
)
SELECT 
    c.customer_name,
    SUM(m.amount) AS total_sales
FROM 
    Master_txn_table m
JOIN 
    customer_table c ON m.business_id = c.business_id AND m.customer_name = c.customer_name
JOIN 
    FiscalYear fy ON m.transaction_date BETWEEN fy.start_date AND fy.end_date
GROUP BY 
    c.customer_name
ORDER BY 
    total_sales DESC;
```

### Explanation:
1. **FiscalYear CTE**: This Common Table Expression (CTE) calculates the start and end dates of the last fiscal year. It assumes the fiscal year matches the calendar year.
2. **JOINs**: The query joins the `Master_txn_table`, `customer_table`, and the `FiscalYear` CTE.
3. **SUM**: It sums up the `amount` column from the `Master_txn_table` for each customer.
4. **GROUP BY**: The results are grouped by `customer_name`.
5. **ORDER BY**: The results are ordered by the total sales in descending order.

This query will give","To compare sales by customer over the last fiscal year in SQLite, we need to follow these steps:

1. Identify the fiscal year range (e.g., from January 1st of the previous year to December 31st of the previous year).
2. Filter the `Master_txn_table` to include only transactions that fall within this fiscal year.
3. Group the results by customer and sum up the sales amounts.

Here is the SQL query to achieve this:

```sql
-- Step 1: Determine the fiscal year range
SELECT 
    strftime('%Y', 'now') - 1 AS fiscal_year,
    strftime('%m-%d', 'now') - 90 AS start_date,
    strftime('%m-%d', 'now') - 365 AS end_date
FROM 
    master_txn_table;

-- Step 2: Filter the Master_txn_table for the last fiscal year
WITH FiscalYear AS (
    SELECT 
        strftime('%Y', 'now') - 1 AS fiscal_year,
        strftime('%m-%d', 'now') - 90 AS start_date,
        strftime('%m-%d', 'now') - 365 AS end_date
    FROM 
        master_txn_table
),
SalesByCustomer AS (
    SELECT 
        m.customer_name,
        SUM(m.amount) AS total_sales
    FROM 
        master_txn_table m
    JOIN 
        customer_table c ON m.business_id = c.business_id","To compare sales by customer over the last fiscal year in SQLite, we need to follow these steps:

1. Identify the fiscal year range (e.g., from January 1st of the previous year to December 31st of the previous year).
2. Filter the `Master_txn_table` to include only transactions that fall within this fiscal year.
3. Group the results by customer and sum up the sales amounts.

Here is the SQL query to achieve this:

```sql
-- Step 1: Determine the fiscal year range
SELECT 
    strftime('%Y', 'now') - 1 AS fiscal_year,
    strftime('%m-%d', 'now') - 90 AS start_date,
    strftime('%m-%d', 'now') - 365 AS end_date
FROM 
    master_txn_table;

-- Step 2: Filter the Master_txn_table for the last fiscal year
WITH FiscalYear AS (
    SELECT 
        strftime('%Y', 'now') - 1 AS fiscal_year,
        strftime('%m-%d', 'now') - 90 AS start_date,
        strftime('%m-%d', 'now') - 365 AS end_date
    FROM 
        master_txn_table
),
SalesByCustomer AS (
    SELECT 
        m.customer_name,
        SUM(m.amount) AS total_sales
    FROM 
        master_txn_table m
    JOIN 
        customer_table c ON m.business_id = c.business_id"
Retail,Compare sales by customer Last fiscal year,"select customers, sum(credit) from master_txn_table where account in ('Income','Other Income') and transaction_date BETWEEN date(current_date, '-3 months', 'start of year','-1 years', '+3 months') AND date(current_date, '-3 months', 'start of year','-1 years', '+3 months', '+1 years', '-1 days') group by customers","WITH FiscalYear AS (
    SELECT 
        MIN(transaction_date) AS start_date,
        MAX(transaction_date) AS end_date
    FROM Master_txn_table
    WHERE strftime('%Y', transaction_date) = strftime('%Y', 'now') - 1
)
SELECT 
    c.customer_name,
    SUM(m.amount) AS total_sales
FROM 
    Master_txn_table m
JOIN 
    customer_table c ON m.business_id = c.business_id AND m.customer_name = c.customer_name
JOIN 
    FiscalYear fy ON m.transaction_date BETWEEN fy.start_date AND fy.end_date
GROUP BY 
    c.customer_name
ORDER BY 
    total_sales DESC;","To compare sales by customer over the last fiscal year in SQLite, you need to first determine what constitutes the ""last fiscal year"" based on the `transaction_date` and then join the necessary tables to get the sales data per customer.

Assuming that the fiscal year is the same as the calendar year (January 1 to December 31), we can use the following query:

```sql
WITH FiscalYear AS (
    SELECT 
        MIN(transaction_date) AS start_date,
        MAX(transaction_date) AS end_date
    FROM Master_txn_table
    WHERE strftime('%Y', transaction_date) = strftime('%Y', 'now') - 1
)
SELECT 
    c.customer_name,
    SUM(m.amount) AS total_sales
FROM 
    Master_txn_table m
JOIN 
    customer_table c ON m.business_id = c.business_id AND m.customer_name = c.customer_name
JOIN 
    FiscalYear fy ON m.transaction_date BETWEEN fy.start_date AND fy.end_date
GROUP BY 
    c.customer_name
ORDER BY 
    total_sales DESC;
```

### Explanation:
1. **FiscalYear CTE**: This Common Table Expression (CTE) calculates the start and end dates of the last fiscal year. It assumes the fiscal year matches the calendar year.
2. **JOINs**: The query joins the `Master_txn_table`, `customer_table`, and the `FiscalYear` CTE.
3. **SUM**: It sums up the `amount` column from the `Master_txn_table` for each customer.
4. **GROUP BY**: The results are grouped by `customer_name`.
5. **ORDER BY**: The results are ordered by the total sales in descending order.

This query will give","To compare sales by customer over the last fiscal year in SQLite, we need to follow these steps:

1. Identify the fiscal year range (e.g., from January 1st of the previous year to December 31st of the previous year).
2. Filter the `Master_txn_table` to include only transactions that fall within this fiscal year.
3. Sum up the sales amounts for each customer.

Here's a step-by-step SQL query to achieve this:

```sql
-- Step 1: Determine the fiscal year range
SELECT 
    strftime('%Y', 'now') - 1 AS fiscal_year,
    strftime('%m-%d', 'now') - 90 AS start_date,
    strftime('%m-%d', 'now') - 365 AS end_date
FROM 
    master_txn_table;

-- Step 2: Filter the Master_txn_table for the fiscal year range and sum up sales by customer
WITH FiscalYearSales AS (
    SELECT 
        c.customer_name,
        SUM(m.amount) AS total_sales
    FROM 
        master_txn_table m
    JOIN 
        customer_table c ON m.business_id = c.business_id
    WHERE 
        m.transaction_date BETWEEN strftime('%m-%d', 'now') - 90 AND strftime('%m-%d', 'now') - 365
    GROUP BY 
        c.customer_name
)
SELECT 
    fs.customer_name,
    fs.total_sales
FROM","To compare sales by customer over the last fiscal year in SQLite, we need to follow these steps:

1. Identify the fiscal year range (e.g., from January 1st of the previous year to December 31st of the previous year).
2. Filter the `Master_txn_table` to include only transactions that fall within this fiscal year.
3. Sum up the sales amounts for each customer.

Here's a step-by-step SQL query to achieve this:

```sql
-- Step 1: Determine the fiscal year range
SELECT 
    strftime('%Y', 'now') - 1 AS fiscal_year,
    strftime('%m-%d', 'now') - 90 AS start_date,
    strftime('%m-%d', 'now') - 365 AS end_date
FROM 
    master_txn_table;

-- Step 2: Filter the Master_txn_table for the fiscal year range and sum up sales by customer
WITH FiscalYearSales AS (
    SELECT 
        c.customer_name,
        SUM(m.amount) AS total_sales
    FROM 
        master_txn_table m
    JOIN 
        customer_table c ON m.business_id = c.business_id
    WHERE 
        m.transaction_date BETWEEN strftime('%m-%d', 'now') - 90 AND strftime('%m-%d', 'now') - 365
    GROUP BY 
        c.customer_name
)
SELECT 
    fs.customer_name,
    fs.total_sales
FROM 
"
Retail,When was the last time we sold IT and telecommunication,"select transaction_date from master_txn_table as T1 join chart_of_accounts as T2 on T1.account = T2.account_name where account_type in ('Income','Other Income') and product_service = ""IT and telecommunication"" order by transaction_date desc limit 1","SELECT 
    MAX(transaction_date) AS last_transaction_date
FROM 
    Master_txn_table
JOIN 
    product_service_table ON Master_txn_table.business_id = product_service_table.business_id
WHERE 
    product_service IN ('IT', 'telecommunication');","To find out when the last time you sold IT and telecommunication products or services, you can use the following SQLite query:

```sql
SELECT 
    MAX(transaction_date) AS last_transaction_date
FROM 
    Master_txn_table
JOIN 
    product_service_table ON Master_txn_table.business_id = product_service_table.business_id
WHERE 
    product_service IN ('IT', 'telecommunication');
```

This query joins the `Master_txn_table` with the `product_service_table` to filter transactions where the `product_service` is either 'IT' or 'telecommunication'. It then selects the maximum `transaction_date` from these transactions to determine the last time an IT or telecommunication product or service was sold.

Make sure that the `business_id` in both tables matches so that the join operation works correctly. If there are any issues with the schema or if you need further adjustments, please let me know!","SELECT transaction_date
FROM Master_txn_table
WHERE product_service_type IN ('IT', 'telecommunication')
ORDER BY transaction_date DESC
LIMIT 1;","To determine when the last time you sold IT and telecommunication products or services, you can use the `Master_txn_table` to filter transactions related to these categories and then find the most recent date.

Here's a step-by-step approach:

1. Identify the relevant columns from the `Master_txn_table` that will help in filtering and identifying the latest transaction.
2. Use the `WHERE` clause to filter transactions where the `product_service_type` is either 'IT' or 'telecommunication'.
3. Use the `ORDER BY` clause to sort the results by `transaction_date` in descending order.
4. Use the `LIMIT` clause to get only the top result (i.e., the most recent transaction).

Here is the corresponding SQLite query:

```sql
SELECT transaction_date
FROM Master_txn_table
WHERE product_service_type IN ('IT', 'telecommunication')
ORDER BY transaction_date DESC
LIMIT 1;
```

This query will return the most recent date of a transaction involving either an IT or telecommunication product or service. If there are no such transactions, it will return NULL."
Retail,Check the sales receipts record and compute the average quantities ordered with the payment method [payment_method].,"SELECT avg(quantity_per_transaction) FROM (select transaction_id, sum(quantity) as quantity_per_transaction from master_txn_table where transaction_type = 'sales receipt' and payment_method = ""[payment_method]"" group by transaction_id)","SELECT 
    pm.payment_method,
    AVG(mt.quantity) AS avg_quantity
FROM 
    Master_txn_table mt
JOIN 
    payment_method pm ON mt.business_id = pm.business_id AND mt.payment_method = pm.payment_method
GROUP BY 
    pm.payment_method;","To compute the average quantities ordered for each payment method, you can use the `AVG` function in SQLite along with a join to link the `Master_txn_table` with the `payment_method` table. Here's how you can write the query:

```sql
SELECT 
    pm.payment_method,
    AVG(mt.quantity) AS avg_quantity
FROM 
    Master_txn_table mt
JOIN 
    payment_method pm ON mt.business_id = pm.business_id AND mt.payment_method = pm.payment_method
GROUP BY 
    pm.payment_method;
```

### Explanation:
- **Master_txn_table**: This is the main table containing all the transaction details.
- **payment_method**: This table contains the payment methods used by the company.
- **JOIN**: We join these two tables on the `business_id` and `payment_method` columns to ensure that we only consider transactions where the payment method matches.
- **AVG(mt.quantity)**: This calculates the average quantity of items ordered for each payment method.
- **GROUP BY pm.payment_method**: This groups the results by the payment method so that the average quantity can be computed for each distinct payment method.

This query will return a list of payment methods along with their corresponding average quantities ordered.","SELECT 
    pm.payment_method,
    AVG(mtt.quantity) AS avg_quantity
FROM 
    Master_txn_table mtt
JOIN 
    product_service_table psv ON mtt.product_service = psv.product_service
JOIN 
    customer_table ct ON mtt.customer_name = ct.customer_name
JOIN 
    payment_method pm ON mtt.payment_method = pm.payment_method
WHERE 
    mtt.transaction_type = 'sale'
GROUP BY 
    pm.payment_method;","To compute the average quantities ordered for each payment method, we need to join multiple tables to get the necessary information. Here's a step-by-step breakdown of how to achieve this using an SQLite query:

1. **Join the `Master_txn_table` with `product_service_table`**: To get the product service details.
2. **Join the `Master_txn_table` with `customer_table`**: To get the customer details.
3. **Filter the records where `transaction_type` is 'sale'**: This ensures that only sales transactions are considered.
4. **Group by `payment_method` and calculate the average quantity**: This will give us the average quantity ordered per payment method.

Here's the SQL query to achieve this:

```sql
SELECT 
    pm.payment_method,
    AVG(mtt.quantity) AS avg_quantity
FROM 
    Master_txn_table mtt
JOIN 
    product_service_table psv ON mtt.product_service = psv.product_service
JOIN 
    customer_table ct ON mtt.customer_name = ct.customer_name
JOIN 
    payment_method pm ON mtt.payment_method = pm.payment_method
WHERE 
    mtt.transaction_type = 'sale'
GROUP BY 
    pm.payment_method;
```

### Explanation:
- **Master_txn_table**: Contains all transaction details including the payment method.
- **product_service_table**: Maps the product_service codes to their descriptions.
- **customer_table**: Provides customer details which are not directly needed but might be useful for context"
Retail,Check the sales receipts record and compute the average quantities ordered with the payment method [payment_method].,"SELECT avg(quantity_per_transaction) FROM (select transaction_id, sum(quantity) as quantity_per_transaction from master_txn_table where transaction_type = 'sales receipt' and payment_method = ""[payment_method]"" group by transaction_id)","SELECT 
    pm.payment_method,
    AVG(mt.quantity) AS avg_quantity
FROM 
    Master_txn_table mt
JOIN 
    payment_method pm ON mt.business_id = pm.business_id AND mt.payment_method = pm.payment_method
GROUP BY 
    pm.payment_method;","To compute the average quantities ordered for each payment method, you can use the `AVG` function in SQLite along with a join to link the `Master_txn_table` with the `payment_method` table. Here's how you can write the query:

```sql
SELECT 
    pm.payment_method,
    AVG(mt.quantity) AS avg_quantity
FROM 
    Master_txn_table mt
JOIN 
    payment_method pm ON mt.business_id = pm.business_id AND mt.payment_method = pm.payment_method
GROUP BY 
    pm.payment_method;
```

### Explanation:
- **Master_txn_table**: This is the main table containing all the transaction details.
- **payment_method**: This table contains the payment methods used by the company.
- **JOIN**: We join these two tables on the `business_id` and `payment_method` columns to ensure that we only consider transactions where the payment method matches.
- **AVG(mt.quantity)**: This calculates the average quantity of items ordered for each payment method.
- **GROUP BY pm.payment_method**: This groups the results by the payment method so that the average quantity can be computed for each distinct payment method.

This query will return a list of payment methods along with their corresponding average quantities ordered.","SELECT 
    pm.payment_method,
    AVG(pst.quantity) AS avg_quantity
FROM 
    Master_txn_table m
JOIN 
    product_service_table pst ON m.business_id = pst.business_id AND m.product_service = pst.product_service
WHERE 
    m.transaction_type = 'SALE'
GROUP BY 
    pm.payment_method;","To compute the average quantities ordered for each payment method, we need to join the `Master_txn_table` with the `product_service_table` and filter by the `transaction_type` that corresponds to sales receipts (typically 'SALE' or similar). We will then group by the `payment_method` and calculate the average of the `quantity` column.

Here's the step-by-step SQLite query:

1. Join the `Master_txn_table` with the `product_service_table`.
2. Filter the records where `transaction_type` is 'SALE'.
3. Group the results by `payment_method`.
4. Calculate the average of the `quantity` column.

```sql
SELECT 
    pm.payment_method,
    AVG(pst.quantity) AS avg_quantity
FROM 
    Master_txn_table m
JOIN 
    product_service_table pst ON m.business_id = pst.business_id AND m.product_service = pst.product_service
WHERE 
    m.transaction_type = 'SALE'
GROUP BY 
    pm.payment_method;
```

### Explanation:
- **Master_txn_table**: This table contains all transaction records including sales receipts.
- **product_service_table**: This table maps the product or service codes to their respective names and types.
- **JOIN**: We join these two tables on the `business_id` and `product_service` columns to match the transactions with the corresponding products/services.
- **WHERE**: We filter the records to include only those where the `transaction_type` is 'SALE'.
"
Retail,Check the sales receipts record and compute the average quantities ordered with the payment method [payment_method].,"SELECT avg(quantity_per_transaction) FROM (select transaction_id, sum(quantity) as quantity_per_transaction from master_txn_table where transaction_type = 'sales receipt' and payment_method = ""[payment_method]"" group by transaction_id)","SELECT 
    pm.payment_method,
    AVG(mt.quantity) AS avg_quantity
FROM 
    Master_txn_table mt
JOIN 
    payment_method pm ON mt.business_id = pm.business_id AND mt.payment_method = pm.payment_method
GROUP BY 
    pm.payment_method;","To compute the average quantities ordered for each payment method, you can use the `AVG` function in SQLite along with a join to link the `Master_txn_table` with the `payment_method` table. Here's how you can write the query:

```sql
SELECT 
    pm.payment_method,
    AVG(mt.quantity) AS avg_quantity
FROM 
    Master_txn_table mt
JOIN 
    payment_method pm ON mt.business_id = pm.business_id AND mt.payment_method = pm.payment_method
GROUP BY 
    pm.payment_method;
```

### Explanation:
- **Master_txn_table**: This is the main table containing all the transaction details.
- **payment_method**: This table contains the payment methods used by the company.
- **JOIN**: We join these two tables on the `business_id` and `payment_method` columns to ensure that we only consider transactions where the payment method matches.
- **AVG(mt.quantity)**: This calculates the average quantity of items ordered for each payment method.
- **GROUP BY pm.payment_method**: This groups the results by the payment method so that the average quantity can be computed for each distinct payment method.

This query will return a list of payment methods along with their corresponding average quantities ordered.","SELECT 
    payment_method,
    AVG(quantity) AS avg_quantity
FROM 
    Master_txn_table
JOIN 
    product_service_table ON Master_txn_table.business_id = product_service_table.business_id
WHERE 
    transaction_type = 'sale'
GROUP BY 
    payment_method;","To compute the average quantities ordered for each payment method, we need to join the `Master_txn_table` with the `product_service_table` and filter the records where `transaction_type` is 'sale'. Then, we can group by `payment_method` and calculate the average of the `quantity` column.

Here's the step-by-step SQLite query:

1. Join the `Master_txn_table` with the `product_service_table` on the `business_id`.
2. Filter the records where `transaction_type` is 'sale'.
3. Group the results by `payment_method`.
4. Calculate the average of the `quantity` column.

```sql
SELECT 
    payment_method,
    AVG(quantity) AS avg_quantity
FROM 
    Master_txn_table
JOIN 
    product_service_table ON Master_txn_table.business_id = product_service_table.business_id
WHERE 
    transaction_type = 'sale'
GROUP BY 
    payment_method;
```

This query will give you the average quantities ordered for each payment method."
Retail,Check the sales receipts record and compute the average quantities ordered with the payment method [payment_method].,"SELECT avg(quantity_per_transaction) FROM (select transaction_id, sum(quantity) as quantity_per_transaction from master_txn_table where transaction_type = 'sales receipt' and payment_method = ""[payment_method]"" group by transaction_id)","SELECT 
    pm.payment_method,
    AVG(mt.quantity) AS avg_quantity
FROM 
    Master_txn_table mt
JOIN 
    payment_method pm ON mt.business_id = pm.business_id AND mt.payment_method = pm.payment_method
GROUP BY 
    pm.payment_method;","To compute the average quantities ordered for each payment method, you can use the `AVG` function in SQLite along with a join to link the `Master_txn_table` with the `payment_method` table. Here's how you can write the query:

```sql
SELECT 
    pm.payment_method,
    AVG(mt.quantity) AS avg_quantity
FROM 
    Master_txn_table mt
JOIN 
    payment_method pm ON mt.business_id = pm.business_id AND mt.payment_method = pm.payment_method
GROUP BY 
    pm.payment_method;
```

### Explanation:
- **Master_txn_table**: This is the main table containing all the transaction details.
- **payment_method**: This table contains the payment methods used by the company.
- **JOIN**: We join these two tables on the `business_id` and `payment_method` columns to ensure that we only consider transactions where the payment method matches.
- **AVG(mt.quantity)**: This calculates the average quantity of items ordered for each payment method.
- **GROUP BY pm.payment_method**: This groups the results by the payment method so that the average quantity can be computed for each distinct payment method.

This query will return a list of payment methods along with their corresponding average quantities ordered.","SELECT 
    pm.payment_method,
    AVG(pst.quantity) AS average_quantity
FROM 
    Master_txn_table mtt
JOIN 
    product_service_table pst ON mtt.business_id = pst.business_id AND mtt.product_service = pst.product_service
WHERE 
    mtt.transaction_type = 'SALE'
GROUP BY 
    pm.payment_method;","To compute the average quantities ordered for each payment method, we need to join the `Master_txn_table` with the `product_service_table` and filter by the `transaction_type` that corresponds to sales receipts (typically 'SALE' or similar). We will then group by the `payment_method` and calculate the average of the `quantity` column.

Here is the step-by-step SQLite query:

1. Join the `Master_txn_table` with the `product_service_table`.
2. Filter the records where `transaction_type` is 'SALE'.
3. Group the results by `payment_method`.
4. Calculate the average of the `quantity` column.

```sql
SELECT 
    pm.payment_method,
    AVG(pst.quantity) AS average_quantity
FROM 
    Master_txn_table mtt
JOIN 
    product_service_table pst ON mtt.business_id = pst.business_id AND mtt.product_service = pst.product_service
WHERE 
    mtt.transaction_type = 'SALE'
GROUP BY 
    pm.payment_method;
```

Explanation:
- `Master_txn_table` is joined with `product_service_table` on the `business_id` and `product_service` columns.
- The `transaction_type` is filtered to be 'SALE'.
- The result is grouped by `payment_method`.
- The average of the `quantity` column is calculated using the `AVG()` function.

This query will give you the average quantities ordered for each payment method in the sales receipts records"
Retail,Compare sales by customer Last fiscal year,"select customers, sum(credit) from master_txn_table where account in ('Income','Other Income') and transaction_date BETWEEN date(current_date, '-3 months', 'start of year','-1 years', '+3 months') AND date(current_date, '-3 months', 'start of year','-1 years', '+3 months', '+1 years', '-1 days') group by customers","SELECT 
    c.customer_name,
    SUM(m.sale) AS total_sales
FROM 
    Master_txn_table m
JOIN 
    customer_table c ON m.business_id = c.business_id AND m.customer_name = c.customer_name
WHERE 
    strftime('%Y', m.transaction_date) = strftime('%Y', date('now') - interval '1 year')
GROUP BY 
    c.customer_name;","To compare sales by customer over the last fiscal year in SQLite, you need to first determine what constitutes the ""last fiscal year"" based on the `transaction_date`. Assuming the fiscal year starts on January 1st and ends on December 31st of each year, we can use the `strftime` function to extract the fiscal year from the `transaction_date`.

Here's a step-by-step approach to achieve this:

1. Extract the fiscal year from the `transaction_date`.
2. Filter transactions that fall within the last fiscal year.
3. Group the results by `customer_name` and sum the `sale` column.

Below is the SQL query to accomplish this:

```sql
SELECT 
    c.customer_name,
    SUM(m.sale) AS total_sales
FROM 
    Master_txn_table m
JOIN 
    customer_table c ON m.business_id = c.business_id AND m.customer_name = c.customer_name
WHERE 
    strftime('%Y', m.transaction_date) = strftime('%Y', date('now') - interval '1 year')
GROUP BY 
    c.customer_name;
```

### Explanation:
- `strftime('%Y', m.transaction_date)` extracts the year from the `transaction_date`.
- `strftime('%Y', date('now') - interval '1 year')` extracts the year from the current date minus one year.
- The `WHERE` clause filters the records to include only those where the fiscal year matches the last fiscal year.
- The `JOIN` clause links the `Master_txn_table` with the `customer_table` using the `business_id` and `customer_name`.
- The `SUM` function calculates the total sales for each customer.
- The `GROUP BY` clause groups the results by","To compare sales by customer over the last fiscal year in SQLite, we need to follow these steps:

1. Identify the fiscal year range (e.g., from January 1st of the previous year to December 31st of the previous year).
2. Filter the `Master_txn_table` to include only transactions that fall within this fiscal year.
3. Group the results by customer and sum up the sales amounts.

Here is the SQL query to achieve this:

```sql
-- Step 1: Determine the fiscal year range
SELECT 
    strftime('%Y', 'now') - 1 AS fiscal_year,
    strftime('%m-%d', 'now') - 90 AS start_date,
    strftime('%m-%d', 'now') - 365 AS end_date
FROM 
    master_txn_table;

-- Step 2: Filter the Master_txn_table for the last fiscal year
WITH FiscalYear AS (
    SELECT 
        strftime('%Y', 'now') - 1 AS fiscal_year,
        strftime('%m-%d', 'now') - 90 AS start_date,
        strftime('%m-%d', 'now') - 365 AS end_date
    FROM 
        master_txn_table
),
SalesByCustomer AS (
    SELECT 
        m.customer_name,
        SUM(m.amount) AS total_sales
    FROM 
        master_txn_table m
    JOIN 
        customer_table c ON m.business_id = c.business_id","To compare sales by customer over the last fiscal year in SQLite, we need to follow these steps:

1. Identify the fiscal year range (e.g., from January 1st of the previous year to December 31st of the previous year).
2. Filter the `Master_txn_table` to include only transactions that fall within this fiscal year.
3. Group the results by customer and sum up the sales amounts.

Here is the SQL query to achieve this:

```sql
-- Step 1: Determine the fiscal year range
SELECT 
    strftime('%Y', 'now') - 1 AS fiscal_year,
    strftime('%m-%d', 'now') - 90 AS start_date,
    strftime('%m-%d', 'now') - 365 AS end_date
FROM 
    master_txn_table;

-- Step 2: Filter the Master_txn_table for the last fiscal year
WITH FiscalYear AS (
    SELECT 
        strftime('%Y', 'now') - 1 AS fiscal_year,
        strftime('%m-%d', 'now') - 90 AS start_date,
        strftime('%m-%d', 'now') - 365 AS end_date
    FROM 
        master_txn_table
),
SalesByCustomer AS (
    SELECT 
        m.customer_name,
        SUM(m.amount) AS total_sales
    FROM 
        master_txn_table m
    JOIN 
        customer_table c ON m.business_id = c.business_id"
Retail,Compare sales by customer Last fiscal year,"select customers, sum(credit) from master_txn_table where account in ('Income','Other Income') and transaction_date BETWEEN date(current_date, '-3 months', 'start of year','-1 years', '+3 months') AND date(current_date, '-3 months', 'start of year','-1 years', '+3 months', '+1 years', '-1 days') group by customers","SELECT 
    c.customer_name,
    SUM(m.sale) AS total_sales
FROM 
    Master_txn_table m
JOIN 
    customer_table c ON m.business_id = c.business_id AND m.customer_name = c.customer_name
WHERE 
    strftime('%Y', m.transaction_date) = strftime('%Y', date('now') - interval '1 year')
GROUP BY 
    c.customer_name;","To compare sales by customer over the last fiscal year in SQLite, you need to first determine what constitutes the ""last fiscal year"" based on the `transaction_date`. Assuming the fiscal year starts on January 1st and ends on December 31st of each year, we can use the `strftime` function to extract the fiscal year from the `transaction_date`.

Here's a step-by-step approach to achieve this:

1. Extract the fiscal year from the `transaction_date`.
2. Filter transactions that fall within the last fiscal year.
3. Group the results by `customer_name` and sum the `sale` column.

Below is the SQL query to accomplish this:

```sql
SELECT 
    c.customer_name,
    SUM(m.sale) AS total_sales
FROM 
    Master_txn_table m
JOIN 
    customer_table c ON m.business_id = c.business_id AND m.customer_name = c.customer_name
WHERE 
    strftime('%Y', m.transaction_date) = strftime('%Y', date('now') - interval '1 year')
GROUP BY 
    c.customer_name;
```

### Explanation:
- `strftime('%Y', m.transaction_date)` extracts the year from the `transaction_date`.
- `strftime('%Y', date('now') - interval '1 year')` extracts the year from the current date minus one year.
- The `WHERE` clause filters the records to include only those where the fiscal year matches the last fiscal year.
- The `JOIN` clause links the `Master_txn_table` with the `customer_table` using the `business_id` and `customer_name`.
- The `SUM` function calculates the total sales for each customer.
- The `GROUP BY` clause groups the results by","To compare sales by customer over the last fiscal year in SQLite, we need to follow these steps:

1. Identify the fiscal year range (e.g., from January 1st of the previous year to December 31st of the previous year).
2. Filter the `Master_txn_table` to include only transactions that fall within this fiscal year.
3. Sum up the sales amounts for each customer.

Here's a step-by-step SQL query to achieve this:

```sql
-- Step 1: Determine the fiscal year range
SELECT 
    strftime('%Y', 'now') - 1 AS fiscal_year,
    strftime('%m-%d', 'now') - 90 AS start_date,
    strftime('%m-%d', 'now') - 365 AS end_date
FROM 
    master_txn_table;

-- Step 2: Filter the Master_txn_table for the fiscal year range and sum up sales by customer
WITH FiscalYearSales AS (
    SELECT 
        c.customer_name,
        SUM(m.amount) AS total_sales
    FROM 
        master_txn_table m
    JOIN 
        customer_table c ON m.business_id = c.business_id
    WHERE 
        m.transaction_date BETWEEN strftime('%m-%d', 'now') - 90 AND strftime('%m-%d', 'now') - 365
    GROUP BY 
        c.customer_name
)
SELECT 
    fs.customer_name,
    fs.total_sales
FROM","To compare sales by customer over the last fiscal year in SQLite, we need to follow these steps:

1. Identify the fiscal year range (e.g., from January 1st of the previous year to December 31st of the previous year).
2. Filter the `Master_txn_table` to include only transactions that fall within this fiscal year.
3. Sum up the sales amounts for each customer.

Here's a step-by-step SQL query to achieve this:

```sql
-- Step 1: Determine the fiscal year range
SELECT 
    strftime('%Y', 'now') - 1 AS fiscal_year,
    strftime('%m-%d', 'now') - 90 AS start_date,
    strftime('%m-%d', 'now') - 365 AS end_date
FROM 
    master_txn_table;

-- Step 2: Filter the Master_txn_table for the fiscal year range and sum up sales by customer
WITH FiscalYearSales AS (
    SELECT 
        c.customer_name,
        SUM(m.amount) AS total_sales
    FROM 
        master_txn_table m
    JOIN 
        customer_table c ON m.business_id = c.business_id
    WHERE 
        m.transaction_date BETWEEN strftime('%m-%d', 'now') - 90 AND strftime('%m-%d', 'now') - 365
    GROUP BY 
        c.customer_name
)
SELECT 
    fs.customer_name,
    fs.total_sales
FROM 
"
Retail,Compare sales by customer Last year,"select customers, sum(credit) from master_txn_table where account in ('Income','Other Income') and transaction_date BETWEEN date(current_date, 'start of year', '-1 days', 'start of year') AND date(current_date, 'start of year', '-1 days') group by customers","SELECT 
    c.customer_name,
    SUM(m.amount) AS total_sales
FROM 
    Master_txn_table m
JOIN 
    customer_table c ON m.business_id = c.business_id AND m.customer_name = c.customer_name
WHERE 
    m.transaction_date BETWEEN DATE('now', '-1 year') AND DATE('now')
GROUP BY 
    c.customer_name;","To compare sales by customer last year in SQLite, you need to filter the transactions that occurred within the last year and then group them by customer name to sum up the sales amounts. Here's how you can do it:

```sql
SELECT 
    c.customer_name,
    SUM(m.amount) AS total_sales
FROM 
    Master_txn_table m
JOIN 
    customer_table c ON m.business_id = c.business_id AND m.customer_name = c.customer_name
WHERE 
    m.transaction_date BETWEEN DATE('now', '-1 year') AND DATE('now')
GROUP BY 
    c.customer_name;
```

### Explanation:
- **Master_txn_table**: This table contains all the transaction details.
- **customer_table**: This table contains customer information.
- **JOIN**: We join `Master_txn_table` with `customer_table` on the `business_id` and `customer_name` columns to match the transactions with their respective customers.
- **WHERE**: We filter the transactions to include only those that occurred within the last year using the `BETWEEN` clause with `DATE('now', '-1 year')` and `DATE('now')`.
- **GROUP BY**: We group the results by `c.customer_name` to aggregate the sales amounts per customer.
- **SUM(m.amount)**: We sum up the `amount` column from the `Master_txn_table` to get the total sales for each customer.

This query will give you the total sales for each customer over the last year. If you want to see the breakdown of sales by month or other criteria, you can modify the `GROUP BY` clause accordingly.","SELECT 
    customer_name,
    SUM(sale) AS total_sales
FROM 
    Master_txn_table
WHERE 
    transaction_date BETWEEN DATE('now', '-1 year') AND DATE('now')
GROUP BY 
    customer_name;","To compare sales by customer last year in SQLite, you need to filter the records based on the `transaction_date` being within the last year and then group the results by `customer_name`. Here's a step-by-step approach:

1. Identify the current date.
2. Calculate the date one year ago from the current date.
3. Filter the `Master_txn_table` records where the `transaction_date` is between the current date and one year ago.
4. Group the results by `customer_name` and sum the `sale` column.

Here's the SQL query to achieve this:

```sql
SELECT 
    customer_name,
    SUM(sale) AS total_sales
FROM 
    Master_txn_table
WHERE 
    transaction_date BETWEEN DATE('now', '-1 year') AND DATE('now')
GROUP BY 
    customer_name;
```

### Explanation:
- `DATE('now', '-1 year')`: This function returns the date one year before today.
- `transaction_date BETWEEN DATE('now', '-1 year') AND DATE('now')`: Filters the records where the `transaction_date` falls within the last year.
- `SUM(sale) AS total_sales`: Sums up the `sale` amounts for each customer.
- `GROUP BY customer_name`: Groups the results by `customer_name`.

This query will give you the total sales for each customer over the last year. If you want to include customers who have no sales during that period, you might need"
Retail,How much revenue came through Phillip Black Last 30 days?,"select sum(credit) from master_txn_table as T1 join chart_of_accounts as T2 on T1.account = T2.account_name where customers = """"Phillip Black"""" and account_type in ('Income','Other Income') and transaction_date BETWEEN date( current_date, ""-30 days"") AND date( current_date)","SELECT 
    SUM(amount) AS total_revenue
FROM 
    Master_txn_table
JOIN 
    customer_table ON Master_txn_table.customer_name = customer_table.customer_name
WHERE 
    Master_txn_table.transaction_type = 'sale'
    AND Master_txn_table.transaction_date >= DATE('now', '-30 days')
    AND customer_table.customer_name = 'Phillip Black';","To determine the revenue that came through for ""Phillip Black"" over the last 30 days, you can use the following SQLite query. This query will join the necessary tables to filter by the specific customer and date range.

```sql
SELECT 
    SUM(amount) AS total_revenue
FROM 
    Master_txn_table
JOIN 
    customer_table ON Master_txn_table.customer_name = customer_table.customer_name
WHERE 
    Master_txn_table.transaction_type = 'sale'
    AND Master_txn_table.transaction_date >= DATE('now', '-30 days')
    AND customer_table.customer_name = 'Phillip Black';
```

### Explanation:
1. **Master_txn_table**: This table contains all transactions with columns like `transaction_type`, `amount`, and `transaction_date`.
2. **customer_table**: This table contains information about customers, including their names.
3. **JOIN**: We join the `Master_txn_table` with the `customer_table` on the `customer_name` column to filter transactions related to ""Phillip Black"".
4. **WHERE Clause**: We filter the transactions where the `transaction_type` is 'sale' and the `transaction_date` is within the last 30 days.
5. **SUM(amount)**: We sum up the `amount` column to get the total revenue.

This query will return the total revenue from sales made to ""Phillip Black"" in the last 30 days. If you need to include other types of transactions or additional conditions, you can modify the query accordingly.","SELECT SUM(sale) AS total_revenue
FROM Master_txn_table
WHERE customer_name = 'Phillip Black'
  AND transaction_date >= DATE('now', '-30 days');","To determine the revenue that came through Phillip Black over the last 30 days, we need to follow these steps:

1. Identify the relevant transactions where the `customer_name` is ""Phillip Black"".
2. Filter the transactions to those that occurred within the last 30 days.
3. Sum up the `sale` column, which represents the revenue.

Here's the SQLite query to achieve this:

```sql
SELECT SUM(sale) AS total_revenue
FROM Master_txn_table
WHERE customer_name = 'Phillip Black'
  AND transaction_date >= DATE('now', '-30 days');
```

### Explanation:
- `SELECT SUM(sale) AS total_revenue`: This part of the query sums up all the values in the `sale` column and assigns the result to a new column named `total_revenue`.
- `FROM Master_txn_table`: This specifies the table from which to retrieve the data.
- `WHERE customer_name = 'Phillip Black'`: This filters the rows to only include transactions where the `customer_name` is ""Phillip Black"".
- `AND transaction_date >= DATE('now', '-30 days')`: This further filters the results to include only transactions that occurred within the last 30 days. The `DATE('now', '-30 days')` function returns the date 30 days before today.

This query will give you the total revenue that came through Phillip Black over the last 30 days."
Retail,Compare sales by customer Last month,"select customers, sum(credit) from master_txn_table where account in ('Income','Other Income') and transaction_date BETWEEN date( current_date, ""start of month"", ""-1 months"") AND date( current_date, ""start of month"", ""-1 days"") group by customers","SELECT 
    c.customer_name,
    SUM(m.amount) AS total_sales
FROM 
    Master_txn_table m
JOIN 
    customer_table c ON m.business_id = c.business_id AND m.customer_name = c.customer_name
WHERE 
    m.transaction_type = 'sale' AND 
    m.transaction_date >= DATE('now', '-1 month')
GROUP BY 
    c.customer_name
ORDER BY 
    total_sales DESC;","To compare sales by customer last month in SQLite, you can use the following query:

```sql
SELECT 
    c.customer_name,
    SUM(m.amount) AS total_sales
FROM 
    Master_txn_table m
JOIN 
    customer_table c ON m.business_id = c.business_id AND m.customer_name = c.customer_name
WHERE 
    m.transaction_type = 'sale' AND 
    m.transaction_date >= DATE('now', '-1 month')
GROUP BY 
    c.customer_name
ORDER BY 
    total_sales DESC;
```

### Explanation:
- **Master_txn_table**: This table contains all transactions with columns like `transaction_type` which indicates whether it's a `sale`, `purchase`, etc.
- **customer_table**: This table contains customer information.
- **JOIN**: We join the `Master_txn_table` and `customer_table` on the `business_id` and `customer_name` to match the sales to the correct customer.
- **WHERE**: We filter the records to include only those from the last month using the `DATE('now', '-1 month')` function.
- **SUM(m.amount)**: We sum up the `amount` column for each customer to get the total sales.
- **GROUP BY**: We group the results by `customer_name` so that we can calculate the total sales per customer.
- **ORDER BY**: We order the results by `total_sales` in descending order so that the customers with the highest sales appear first.

This query will give you a list of customers along with their total sales from the last month, sorted by the amount sold.","SELECT 
    ct.customer_name,
    SUM(mt.sale) AS total_sales
FROM 
    Master_txn_table mt
JOIN 
    customer_table ct ON mt.business_id = ct.business_id AND mt.customer_name = ct.customer_name
WHERE 
    mt.transaction_date >= DATE('now', '-1 month')
GROUP BY 
    ct.customer_name;","To compare the sales by customer last month, we need to extract the sales data from the `Master_txn_table` and filter it based on the transaction date being within the last month. We will also join the necessary tables to get the customer names.

Here's a step-by-step breakdown of the query:

1. **Filter the transactions**: We need to filter the transactions where the `transaction_date` is within the last month.
2. **Join the necessary tables**: We need to join the `customer_table` to get the customer names.
3. **Group by customer**: We group the results by customer to aggregate the sales.
4. **Sum the sales**: We sum up the `sale` column to get the total sales for each customer.

Here is the SQLite query to achieve this:

```sql
SELECT 
    ct.customer_name,
    SUM(mt.sale) AS total_sales
FROM 
    Master_txn_table mt
JOIN 
    customer_table ct ON mt.business_id = ct.business_id AND mt.customer_name = ct.customer_name
WHERE 
    mt.transaction_date >= DATE('now', '-1 month')
GROUP BY 
    ct.customer_name;
```

### Explanation:
- **Master_txn_table**: This table contains all the transaction details including the `transaction_date`, `sale`, and other relevant fields.
- **customer_table**: This table contains the customer information, including their names.
- **JOIN**: We join the `Master_txn_table` with the `customer_table` on"
Retail,What was the total invoice value for Offering fixed income funds in Last fiscal year?,"select sum(credit) from master_txn_table where transaction_type = 'invoice' and instr(account,""Offering fixed income funds"") and transaction_date BETWEEN date(current_date, '-3 months', 'start of year','-1 years', '+3 months') AND date(current_date, '-3 months', 'start of year','-1 years', '+3 months', '+1 years', '-1 days')","SELECT 
    SUM(amount) AS total_invoice_value
FROM 
    Master_txn_table mt
JOIN 
    product_service_table ps ON mt.business_id = ps.business_id AND mt.product_service = ps.product_service
WHERE 
    strftime('%Y', mt.transaction_date) = strftime('%Y', 'now') - 1
    AND mt.transaction_type = 'invoice'
    AND mt.product_service = 'fixed income funds';","To find the total invoice value for offering fixed income funds in the last fiscal year, you need to join multiple tables and filter by the relevant conditions. Here's a step-by-step breakdown of how you can achieve this:

1. Join `Master_txn_table` with `product_service_table` to get the product service type.
2. Filter the records where the product service is 'fixed income funds'.
3. Filter the records from the last fiscal year.
4. Sum up the invoice values.

Assuming the fiscal year ends on December 31st of each year, we can use the `strftime` function to filter records from the last fiscal year. Here's the SQL query:

```sql
SELECT 
    SUM(amount) AS total_invoice_value
FROM 
    Master_txn_table mt
JOIN 
    product_service_table ps ON mt.business_id = ps.business_id AND mt.product_service = ps.product_service
WHERE 
    strftime('%Y', mt.transaction_date) = strftime('%Y', 'now') - 1
    AND mt.transaction_type = 'invoice'
    AND mt.product_service = 'fixed income funds';
```

Explanation:
- `strftime('%Y', mt.transaction_date)` extracts the year from the `transaction_date`.
- `strftime('%Y', 'now') - 1` calculates the previous year.
- `mt.transaction_type = 'invoice'` ensures that only invoice transactions are considered.
- `mt.product_service = 'fixed income funds'` filters the specific product service.

This query will give you the total invoice value for offering fixed income funds in the last fiscal year. Adjust the date logic if your fiscal year ends on a different date.","SELECT 
    SUM(amount) AS total_invoice_value
FROM 
    Master_txn_table
JOIN 
    product_service_table ON Master_txn_table.business_id = product_service_table.business_id AND Master_txn_table.product_service = product_service_table.product_service
WHERE 
    Master_txn_table.transaction_date BETWEEN '2022-01-01' AND '2022-12-31'
    AND product_service_table.product_service_type = 'Fixed Income Funds';","To find the total invoice value for offering fixed income funds in the last fiscal year, we need to follow these steps:

1. Identify the relevant tables and columns that contain information about invoices and fixed income offerings.
2. Filter the data to include only the last fiscal year.
3. Sum up the total invoice values.

Assuming that the fiscal year is the same as the calendar year (January 1 to December 31), we can use the `transaction_date` column to filter the data for the last fiscal year. We also need to join the necessary tables to get the invoice details.

Here's the step-by-step SQLite query:

```sql
SELECT 
    SUM(amount) AS total_invoice_value
FROM 
    Master_txn_table
JOIN 
    product_service_table ON Master_txn_table.business_id = product_service_table.business_id AND Master_txn_table.product_service = product_service_table.product_service
WHERE 
    Master_txn_table.transaction_date BETWEEN '2022-01-01' AND '2022-12-31'
    AND product_service_table.product_service_type = 'Fixed Income Funds';
```

### Explanation:
1. **Master_txn_table**: This table contains all transaction details including the amount.
2. **product_service_table**: This table contains the product/service types and their descriptions.
3. **JOIN**: We join the `Master_txn_table` with the `product_service_table` on the `business_id` and `product_service`"
Service,How much did Natasha Chung spend on Home-care Service in July during last year?,"select sum(debit) from master_txn_table as T1 join chart_of_accounts as T2 on T1.account = T2.account_name where T1.customers = ""Natasha Chung"" and instr(account,""Home-care Service"") and strftime(""%m"", transaction_date) = '07' and strftime(""%Y"", transaction_date) = strftime('%Y', current_date) - 1 and account_type in ('Expense','Other Expense')","SELECT 
    SUM(amount) AS total_spent
FROM 
    Master_txn_table m
JOIN 
    customer_table c ON m.customer_name = c.customer_name
JOIN 
    product_service_table ps ON m.product_service = ps.product_service
WHERE 
    c.customer_name = 'Natasha Chung'
    AND ps.product_service = 'Home-care Service'
    AND strftime('%Y-%m', m.transaction_date) = '2022-07';","To find out how much Natasha Chung spent on the Home-care Service in July during the previous year, you need to join multiple tables and filter by the specific criteria. Here's a step-by-step breakdown of the query:

1. Join `Master_txn_table` with `customer_table` to get the customer details.
2. Join `product_service_table` to get the product/service type.
3. Filter the transactions by the customer name ""Natasha Chung"".
4. Filter the transactions by the product/service type ""Home-care Service"".
5. Filter the transactions by the month of July and the year before the current year.

Here is the SQL query that accomplishes this:

```sql
SELECT 
    SUM(amount) AS total_spent
FROM 
    Master_txn_table m
JOIN 
    customer_table c ON m.customer_name = c.customer_name
JOIN 
    product_service_table ps ON m.product_service = ps.product_service
WHERE 
    c.customer_name = 'Natasha Chung'
    AND ps.product_service = 'Home-care Service'
    AND strftime('%Y-%m', m.transaction_date) = '2022-07';
```

### Explanation:
- `SUM(amount)` calculates the total amount spent.
- `strftime('%Y-%m', m.transaction_date) = '2022-07'` ensures that only transactions from July 2022 are considered.
- The `WHERE` clause filters the transactions by the customer name ""Natasha Chung"" and the product/service type ""Home-care Service"".

This query assumes that the current year is 2023, so it filters for transactions in July 2022. Adjust the year if needed based on the current","SELECT 
    SUM(amount) AS total_spent
FROM 
    Master_txn_table
WHERE 
    business_id = (SELECT business_id FROM employee_table WHERE employee_name = 'Natasha Chung')
    AND product_service = 'Home-care Service'
    AND transaction_date BETWEEN DATE('now', '-1 year') AND DATE('now', '-1 year', 'month 7')
    AND transaction_type IN ('sale', 'purchase');","To determine how much Natasha Chung spent on the Home-care Service in July during the previous year, we need to follow these steps:

1. Identify the relevant tables and columns that contain the necessary information.
2. Filter the data based on the specific criteria (Natasha Chung, Home-care Service, July of the previous year).
3. Sum up the total amount spent.

Here is the step-by-step SQLite query to achieve this:

```sql
SELECT 
    SUM(amount) AS total_spent
FROM 
    Master_txn_table
WHERE 
    business_id = (SELECT business_id FROM employee_table WHERE employee_name = 'Natasha Chung')
    AND product_service = 'Home-care Service'
    AND transaction_date BETWEEN DATE('now', '-1 year') AND DATE('now', '-1 year', 'month 7')
    AND transaction_type IN ('sale', 'purchase');
```

### Explanation:
- **Master_txn_table**: This table contains all the transaction details.
- **business_id**: We need to match the `business_id` with Natasha Chung's `business_id` from the `employee_table`.
- **product_service**: We filter by the `product_service` column to ensure it matches 'Home-care Service'.
- **transaction_date**: We use the `DATE` function to get the date range for July of the previous year. The `DATE('now', '-1 year')` gives us the start of the previous year, and `DATE('now', '-1 year"
Service,How much did Andrew Parker spend on Full-service restaurants in July during last year?,"select sum(debit) from master_txn_table as T1 join chart_of_accounts as T2 on T1.account = T2.account_name where T1.customers = ""Andrew Parker"" and instr(account,""Full-service restaurants"") and strftime(""%m"", transaction_date) = '07' and strftime(""%Y"", transaction_date) = strftime('%Y', current_date) - 1 and account_type in ('Expense','Other Expense')","SELECT 
    SUM(amount) AS total_spent
FROM 
    Master_txn_table mt
JOIN 
    product_service_table psv ON mt.business_id = psv.business_id AND mt.product_service = psv.product_service
JOIN 
    customer_table ct ON mt.business_id = ct.business_id AND mt.customer_name = ct.customer_name
JOIN 
    employee_table emp ON mt.business_id = emp.business_id AND emp.employee_name = 'Andrew Parker'
WHERE 
    mt.transaction_date BETWEEN DATE('now', '-1 year') AND DATE('now', '-1 year', 'month 7')
    AND mt.product_service = 'Full-service restaurants';","To determine how much Andrew Parker spent on full-service restaurants in July during the previous year using SQLite, you need to join multiple tables and filter by the specific criteria. Here's a step-by-step breakdown of the query:

1. **Join the necessary tables**: You'll need to join `Master_txn_table`, `product_service_table`, `customer_table`, and `employee_table` to get the required information.
2. **Filter by date**: Ensure the transactions occurred in July of the previous year.
3. **Filter by customer name**: Ensure the transactions were made by Andrew Parker.
4. **Filter by product service type**: Ensure the product service is ""Full-service restaurants"".
5. **Sum the amounts**: Sum up all the amounts that meet the above criteria.

Here's the SQL query:

```sql
SELECT 
    SUM(amount) AS total_spent
FROM 
    Master_txn_table mt
JOIN 
    product_service_table psv ON mt.business_id = psv.business_id AND mt.product_service = psv.product_service
JOIN 
    customer_table ct ON mt.business_id = ct.business_id AND mt.customer_name = ct.customer_name
JOIN 
    employee_table emp ON mt.business_id = emp.business_id AND emp.employee_name = 'Andrew Parker'
WHERE 
    mt.transaction_date BETWEEN DATE('now', '-1 year') AND DATE('now', '-1 year', 'month 7')
    AND mt.product_service = 'Full-service restaurants';
```

### Explanation:
- **Master_txn_table**: Contains the transaction details.
- **product_service_table**: Maps the product service to its type.
- **customer_table**: Contains customer details.
- **employee_table**: Contains employee details.

### Filters:
- `DATE('","SELECT 
    SUM(amount) AS total_spent
FROM 
    Master_txn_table
WHERE 
    business_id = (SELECT business_id FROM employee_table WHERE employee_name = 'Andrew Parker')
    AND transaction_type IN ('Purchase', 'Billable')
    AND transaction_date BETWEEN DATE('now', '-1 year') AND DATE('now', '-1 year', 'month 7')
    AND product_service = 'Full-service restaurant';","To determine how much Andrew Parker spent on full-service restaurants in July during the previous year, we need to follow these steps:

1. Identify the relevant tables and columns that contain the necessary information.
2. Filter the data based on the conditions (business ID, transaction type, date range, and customer name).
3. Sum up the amounts where the transaction type is related to spending.

Here's the step-by-step SQLite query to achieve this:

```sql
SELECT 
    SUM(amount) AS total_spent
FROM 
    Master_txn_table
WHERE 
    business_id = (SELECT business_id FROM employee_table WHERE employee_name = 'Andrew Parker')
    AND transaction_type IN ('Purchase', 'Billable')
    AND transaction_date BETWEEN DATE('now', '-1 year') AND DATE('now', '-1 year', 'month 7')
    AND product_service = 'Full-service restaurant';
```

### Explanation:
- **Master_txn_table**: This table contains all transactions and their details.
- **employee_table**: We use this table to get the business ID associated with the employee ""Andrew Parker"".
- **transaction_type IN ('Purchase', 'Billable')**: We filter transactions that are either purchases or billable, as these typically represent spending.
- **transaction_date BETWEEN DATE('now', '-1 year') AND DATE('now', '-1 year', 'month 7')**: We filter the transactions to be from the month of July in the previous year.
- **product_service"
Service,How many Service Provisioning did we sell to Leonard Bennett This fiscal year?,"select sum(quantity) from master_txn_table where customers = ""Leonard Bennett"" and product_service = 'Service Provisioning' and transaction_type in ('invoice', 'sales receipt') and transaction_date BETWEEN date(current_date, '-3 months', 'start of year', '+3 months') AND date(current_date)","SELECT COUNT(*) AS service_provisions_sold
FROM Master_txn_table
JOIN customer_table ON Master_txn_table.customer_name = customer_table.customer_name
WHERE Master_txn_table.customer_name = 'Leonard Bennett'
  AND strftime('%Y', Master_txn_table.transaction_date) = strftime('%Y', 'now')
  AND Master_txn_table.transaction_type = 'Service Provisioning';","To determine how many service provisions were sold to Leonard Bennett this fiscal year, you need to join the relevant tables and filter by the customer name ""Leonard Bennett"" and the fiscal year. Assuming the fiscal year is represented in the `transaction_date` column, you can use the following SQLite query:

```sql
SELECT COUNT(*) AS service_provisions_sold
FROM Master_txn_table
JOIN customer_table ON Master_txn_table.customer_name = customer_table.customer_name
WHERE Master_txn_table.customer_name = 'Leonard Bennett'
  AND strftime('%Y', Master_txn_table.transaction_date) = strftime('%Y', 'now')
  AND Master_txn_table.transaction_type = 'Service Provisioning';
```

### Explanation:
1. **Master_txn_table**: This table contains all transactions.
2. **customer_table**: This table contains information about customers.
3. **strftime('%Y', Master_txn_table.transaction_date)**: This function extracts the year from the `transaction_date`.
4. **strftime('%Y', 'now')**: This function extracts the current year.
5. **transaction_type = 'Service Provisioning'**: Filters the transactions that are of type 'Service Provisioning'.

This query will return the count of service provisions sold to Leonard Bennett in the current fiscal year. Adjust the `transaction_type` value if it's different in your dataset.","SELECT COUNT(DISTINCT product_service)
FROM Master_txn_table
WHERE customer_name = 'Leonard Bennett'
  AND strftime('%Y', transaction_date) = strftime('%Y', 'now');","To determine how many service provisions were sold to ""Leonard Bennett"" this fiscal year, you need to follow these steps:

1. Identify the fiscal year from the `transaction_date` in the `Master_txn_table`.
2. Filter the records where the `customer_name` is ""Leonard Bennett"".
3. Count the number of unique `product_service` entries.

Here's the SQLite query to achieve this:

```sql
SELECT COUNT(DISTINCT product_service)
FROM Master_txn_table
WHERE customer_name = 'Leonard Bennett'
  AND strftime('%Y', transaction_date) = strftime('%Y', 'now');
```

### Explanation:
- `strftime('%Y', transaction_date)` extracts the year from the `transaction_date`.
- `strftime('%Y', 'now')` extracts the current year.
- The `COUNT(DISTINCT product_service)` ensures that each unique service provision is counted only once.

This query will give you the count of distinct service provisions sold to ""Leonard Bennett"" within the current fiscal year."
Service,Number of invoices created for Home-care Service in This year?,"select count(distinct transaction_id) from master_txn_table where transaction_type = 'invoice' and instr(account,""Home-care Service"") and transaction_date BETWEEN date(current_date, 'start of year') AND date(current_date)","SELECT COUNT(*) AS invoice_count
FROM Master_txn_table
JOIN product_service_table ON Master_txn_table.business_id = product_service_table.business_id
WHERE product_service = 'Home-care Service'
AND strftime('%Y', transaction_date) = strftime('%Y', 'now');","To determine the number of invoices created for the ""Home-care Service"" in the current year, you can use the following SQLite query:

```sql
SELECT COUNT(*) AS invoice_count
FROM Master_txn_table
JOIN product_service_table ON Master_txn_table.business_id = product_service_table.business_id
WHERE product_service = 'Home-care Service'
AND strftime('%Y', transaction_date) = strftime('%Y', 'now');
```

### Explanation:
1. **Master_txn_table**: This table contains all transactions and their details.
2. **product_service_table**: This table contains information about the products or services offered by the company.
3. **strftime('%Y', 'now')**: This function returns the current year as a string. We compare it with the year part of `transaction_date` to filter transactions that occurred this year.

This query will return the count of invoices (transactions) where the `product_service` is 'Home-care Service' and the `transaction_date` falls within the current year.","SELECT COUNT(*) AS invoice_count
FROM Master_txn_table
WHERE 
    transaction_type = 'invoice'
    AND product_service = 'Home-care Service'
    AND strftime('%Y', transaction_date) = strftime('%Y', 'now');","To find the number of invoices created for the ""Home-care Service"" in the current year, we need to follow these steps:

1. Identify the relevant table that contains information about transactions and their types.
2. Filter the transactions to include only those related to the ""Home-care Service"".
3. Ensure that the transactions are marked as ""invoiced"".
4. Determine the current year from the `transaction_date` column.
5. Count the number of such transactions.

Here is the SQLite query to achieve this:

```sql
SELECT COUNT(*) AS invoice_count
FROM Master_txn_table
WHERE 
    transaction_type = 'invoice'
    AND product_service = 'Home-care Service'
    AND strftime('%Y', transaction_date) = strftime('%Y', 'now');
```

### Explanation:
- `Master_txn_table`: This table contains all the transaction details.
- `transaction_type = 'invoice'`: Filters out only the transactions that are marked as invoices.
- `product_service = 'Home-care Service'`: Filters the transactions to include only those related to the ""Home-care Service"".
- `strftime('%Y', transaction_date) = strftime('%Y', 'now')`: Ensures that the transactions are from the current year by comparing the year part of the `transaction_date` with the current year.
- `COUNT(*) AS invoice_count`: Counts the number of matching records.

This query will give you the total number of invoices created for the ""Home-care Service"" in the current"
Service,Number of invoices created for Full-service restaurants in MTD?,"select count(distinct transaction_id) from master_txn_table where transaction_type = 'invoice' and instr(account,""Full-service restaurants"") and transaction_date BETWEEN date( current_date, ""start of month"") AND date( current_date)","SELECT COUNT(*)
FROM Master_txn_table
WHERE transaction_type = 'invoice'
  AND product_service = 'Full-service restaurant'
  AND transaction_date >= DATE('now', '-1 month')
  AND transaction_date < DATE('now');","To determine the number of invoices created for Full-service restaurants in the current month-to-date (MTD), you need to filter the `Master_txn_table` based on the `transaction_type`, `product_service`, and `account` fields. Additionally, you should ensure that the `transaction_date` is within the current MTD.

Here's a step-by-step approach:

1. Identify the current month and year.
2. Filter the `Master_txn_table` to include only transactions with `transaction_type` as 'invoice'.
3. Filter the `product_service` to be 'Full-service restaurant'.
4. Ensure the `transaction_date` is within the current MTD.
5. Count the number of such transactions.

Assuming the current date is stored in a variable or can be obtained using SQLite functions, here's the SQL query:

```sql
SELECT COUNT(*)
FROM Master_txn_table
WHERE transaction_type = 'invoice'
  AND product_service = 'Full-service restaurant'
  AND transaction_date >= DATE('now', '-1 month')
  AND transaction_date < DATE('now');
```

Explanation:
- `DATE('now')` gets the current date.
- `DATE('now', '-1 month')` subtracts one month from the current date.
- `transaction_date >= DATE('now', '-1 month')` ensures the transaction date is within the last month.
- `transaction_date < DATE('now')` ensures the transaction date is before the current date, effectively capturing the MTD.

This query will give you the count of invoices created for Full-service restaurants in the current month-to-date. Adjust the logic if your database uses different methods to determine the current date.","-- Step 1: Identify the relevant tables and columns
SELECT 
    COUNT(*) AS invoice_count
FROM 
    Master_txn_table
WHERE 
    transaction_type = 'Invoice'
    AND product_service_type = 'Full-service restaurant'
    AND strftime('%Y-%m', transaction_date) = strftime('%Y-%m', CURRENT_DATE);","To determine the number of invoices created for Full-service restaurants in the current month-to-date (MTD), we need to follow these steps:

1. Identify the relevant tables and columns that contain information about invoices.
2. Filter the data to include only Full-service restaurants.
3. Count the number of invoices created within the current MTD.

Here's a step-by-step SQLite query to achieve this:

```sql
-- Step 1: Identify the relevant tables and columns
SELECT 
    COUNT(*) AS invoice_count
FROM 
    Master_txn_table
WHERE 
    transaction_type = 'Invoice'
    AND product_service_type = 'Full-service restaurant'
    AND strftime('%Y-%m', transaction_date) = strftime('%Y-%m', CURRENT_DATE);
```

### Explanation:
- `Master_txn_table`: This table contains all transactions, including invoices.
- `transaction_type = 'Invoice'`: Filters out only the records where the transaction type is an invoice.
- `product_service_type = 'Full-service restaurant'`: Filters the records to include only those related to Full-service restaurants.
- `strftime('%Y-%m', transaction_date) = strftime('%Y-%m', CURRENT_DATE)`: Filters the records to include only those created in the current month-to-date. The `CURRENT_DATE` function returns the current date, and `strftime('%Y-%m', ...)` extracts the year and month from the date.

This query will give you the count of invoices created for Full-service restaurants"
Service,Number of invoices created for Full-service restaurants in This quarter to date?,"select count(distinct transaction_id) from master_txn_table where transaction_type = 'invoice' and instr(account,""Full-service restaurants"") and transaction_date >= strftime('%Y-%m-%d', strftime('%Y', 'now', '-1 year') || '-' || substr('00' || (((strftime('%m', 'now') - 1) / 3) * 3 + 1), -2, 2) || '-01')","SELECT COUNT(*) AS invoice_count
FROM Master_txn_table m
JOIN customer_table c ON m.customer_name = c.customer_name
JOIN product_service_table ps ON m.product_service = ps.product_service
WHERE m.transaction_type = 'Invoice'
  AND ps.product_service_type = 'Full-Service'
  AND m.transaction_date >= DATE('now', '-3 months') -- Assuming the current quarter starts 3 months ago
  AND m.transaction_date < DATE('now')
GROUP BY m.business_id;","To determine the number of invoices created for full-service restaurants in the current quarter to date, you need to join multiple tables and filter by relevant conditions. Here's a step-by-step breakdown of the query:

1. **Join Tables**: You'll need to join `customer_table`, `product_service_table`, and `Master_txn_table` to get the necessary information.
2. **Filter Conditions**: Apply filters to identify full-service restaurants (`product_service_type = 'Full-Service'`) and invoices (`transaction_type = 'Invoice'`).
3. **Date Filter**: Use a condition to filter transactions that occurred within the current quarter.

Here is the SQL query to achieve this:

```sql
SELECT COUNT(*) AS invoice_count
FROM Master_txn_table m
JOIN customer_table c ON m.customer_name = c.customer_name
JOIN product_service_table ps ON m.product_service = ps.product_service
WHERE m.transaction_type = 'Invoice'
  AND ps.product_service_type = 'Full-Service'
  AND m.transaction_date >= DATE('now', '-3 months') -- Assuming the current quarter starts 3 months ago
  AND m.transaction_date < DATE('now')
GROUP BY m.business_id;
```

### Explanation:
- **JOIN Statements**: 
  - `JOIN customer_table c ON m.customer_name = c.customer_name`: Joins the `Master_txn_table` with the `customer_table` on the `customer_name`.
  - `JOIN product_service_table ps ON m.product_service = ps.product_service`: Joins the `Master_txn_table` with the `product_service_table` on the `product_service`.

- **Conditions**:
  - `m.transaction_type = 'Invoice'`: Filters for transactions that are invoices.
  -","To determine the number of invoices created for full-service restaurants in the current quarter to date, we need to follow these steps:

1. Identify the relevant tables and columns that contain information about invoices.
2. Filter the data to include only full-service restaurants.
3. Determine the current quarter and calculate the number of invoices created within that period.

Here's a step-by-step approach using SQLite:

### Step 1: Identify Relevant Tables and Columns
- `Master_txn_table`: Contains transaction details including `transaction_type`, `customer_name`, `product_service`, and `quantity`.
- `product_service_table`: Contains the type of products/services (`product_service_type`).

### Step 2: Filter Data for Full-Service Restaurants
- We need to filter the `product_service_table` to get the list of full-service restaurants.

### Step 3: Determine Current Quarter and Calculate Invoices Created
- The current quarter can be determined by the `transaction_date`.
- We need to count the number of invoices created within the current quarter.

Here is the SQLite query to achieve this:

```sql
WITH FullServiceRestaurants AS (
    SELECT DISTINCT t.product_service
    FROM product_service_table t
    WHERE t.product_service_type = 'Full-Service Restaurant'
),
InvoicesForQuarter AS (
    SELECT 
        COUNT(*) AS invoice_count
    FROM 
        Master_txn_table m
    JOIN 
        FullServiceRestaurants fs ON m.product_service = fs.product_service
    WHERE","To determine the number of invoices created for full-service restaurants in the current quarter to date, we need to follow these steps:

1. Identify the relevant tables and columns that contain information about invoices.
2. Filter the data to include only full-service restaurants.
3. Determine the current quarter and calculate the number of invoices created within that period.

Here's a step-by-step approach using SQLite:

### Step 1: Identify Relevant Tables and Columns
- `Master_txn_table`: Contains transaction details including `transaction_type`, `customer_name`, `product_service`, and `quantity`.
- `product_service_table`: Contains the type of products/services (`product_service_type`).

### Step 2: Filter Data for Full-Service Restaurants
- We need to filter the `product_service_table` to get the list of full-service restaurants.

### Step 3: Determine Current Quarter and Calculate Invoices Created
- The current quarter can be determined by the `transaction_date`.
- We need to count the number of invoices created within the current quarter.

Here is the SQLite query to achieve this:

```sql
WITH FullServiceRestaurants AS (
    SELECT DISTINCT t.product_service
    FROM product_service_table t
    WHERE t.product_service_type = 'Full-Service Restaurant'
),
InvoicesForQuarter AS (
    SELECT 
        COUNT(*) AS invoice_count
    FROM 
        Master_txn_table m
    JOIN 
        FullServiceRestaurants fs ON m.product_service = fs.product_service
    WHERE"
Service,How many Service Provisioning did we sell to Amanda Johnson in q1 this year?,"select sum(quantity) from master_txn_table where customers = ""Amanda Johnson"" and product_service = 'Service Provisioning' and transaction_type in ('invoice', 'sales receipt') and transaction_date BETWEEN date(current_date, 'start of year') AND date(current_date, 'start of year', '+3 month', '-1 day')","SELECT COUNT(*) AS service_provisions_sold
FROM Master_txn_table
JOIN customer_table ON Master_txn_table.customer_name = customer_table.customer_name
WHERE Master_txn_table.transaction_type = 'sale'
  AND Master_txn_table.product_service LIKE '%service%'
  AND customer_table.customer_full_name = 'Amanda Johnson'
  AND strftime('%Y-%m', Master_txn_table.transaction_date) = strftime('%Y-%m', '2023-01-01');","To determine how many service provisions were sold to Amanda Johnson in Q1 of the current year, you can use the following SQLite query:

```sql
SELECT COUNT(*) AS service_provisions_sold
FROM Master_txn_table
JOIN customer_table ON Master_txn_table.customer_name = customer_table.customer_name
WHERE Master_txn_table.transaction_type = 'sale'
  AND Master_txn_table.product_service LIKE '%service%'
  AND customer_table.customer_full_name = 'Amanda Johnson'
  AND strftime('%Y-%m', Master_txn_table.transaction_date) = strftime('%Y-%m', '2023-01-01');
```

### Explanation:
1. **Master_txn_table**: This table contains all transactions and their details.
2. **customer_table**: This table contains information about customers.
3. **JOIN**: We join `Master_txn_table` with `customer_table` on the `customer_name` column to filter by the specific customer.
4. **WHERE Clause**:
   - `transaction_type = 'sale'`: Filters only sales transactions.
   - `product_service LIKE '%service%'`: Ensures that the product/service is related to services.
   - `customer_table.customer_full_name = 'Amanda Johnson'`: Filters the customer name.
   - `strftime('%Y-%m', Master_txn_table.transaction_date) = strftime('%Y-%m', '2023-01-01')`: Filters the transactions within the first quarter of the current year (Q1 2023).

This query will return the count of service provisions sold to Amanda Johnson in Q1 of the current year. Adjust the date range if needed based on your specific requirements.","SELECT COUNT(*) AS service_provisions_sold
FROM Master_txn_table
JOIN customer_table ON Master_txn_table.customer_name = customer_table.customer_name
WHERE customer_table.customer_name = 'Amanda Johnson'
  AND Master_txn_table.transaction_type LIKE '%service%'
  AND strftime('%Y-%m', Master_txn_table.transaction_date) = strftime('%Y-%m', '2023-01-01')","To determine how many service provisions were sold to Amanda Johnson in Q1 of the current year, you need to follow these steps:

1. Identify the relevant tables and columns that contain information about service provisions, customers, and transactions.
2. Filter the data to include only those transactions where the customer is Amanda Johnson and the transaction type is related to service provision.
3. Ensure the transaction date falls within the first quarter of the current year.

Here's the step-by-step SQLite query to achieve this:

```sql
SELECT COUNT(*) AS service_provisions_sold
FROM Master_txn_table
JOIN customer_table ON Master_txn_table.customer_name = customer_table.customer_name
WHERE customer_table.customer_name = 'Amanda Johnson'
  AND Master_txn_table.transaction_type LIKE '%service%'
  AND strftime('%Y-%m', Master_txn_table.transaction_date) = strftime('%Y-%m', '2023-01-01')
```

### Explanation:
1. **Master_txn_table**: This table contains all transaction details including the customer name (`customer_name`), transaction type (`transaction_type`), and transaction date (`transaction_date`).
2. **customer_table**: This table contains customer information, including the customer name (`customer_name`).
3. **JOIN**: We join `Master_txn_table` with `customer_table` on the `customer_name` column to filter by the specific customer.
4. **WHERE Clause**:
   - `customer_table.customer_name = 'Amanda Johnson"
Service,Number of invoices created for Legal & Professional Fees in Last year?,"select count(distinct transaction_id) from master_txn_table where transaction_type = 'invoice' and instr(account,""Legal & Professional Fees"") and transaction_date BETWEEN date(current_date, 'start of year', '-1 days', 'start of year') AND date(current_date, 'start of year', '-1 days')","SELECT COUNT(*) AS invoice_count
FROM Master_txn_table
JOIN product_service_table ON Master_txn_table.business_id = product_service_table.business_id
WHERE product_service_table.product_service = 'Legal & Professional Fees'
AND strftime('%Y', Master_txn_table.transaction_date) = strftime('%Y', date('now') - interval '1 year');","To find the number of invoices created for ""Legal & Professional Fees"" in the last year, you can use the following SQLite query:

```sql
SELECT COUNT(*) AS invoice_count
FROM Master_txn_table
JOIN product_service_table ON Master_txn_table.business_id = product_service_table.business_id
WHERE product_service_table.product_service = 'Legal & Professional Fees'
AND strftime('%Y', Master_txn_table.transaction_date) = strftime('%Y', date('now') - interval '1 year');
```

### Explanation:
- **Master_txn_table**: This table contains all transactions and their details.
- **product_service_table**: This table contains the product or service types associated with each transaction.
- **strftime('%Y', Master_txn_table.transaction_date)**: This function extracts the year from the `transaction_date` column.
- **strftime('%Y', date('now') - interval '1 year')**: This function calculates the year one year before the current year.
- **COUNT(*) AS invoice_count**: This counts the number of invoices that meet the criteria.

This query will return the count of invoices where the product/service type is ""Legal & Professional Fees"" and the transaction date falls within the last calendar year.","SELECT COUNT(*) AS invoice_count
FROM Master_txn_table
WHERE business_id = (SELECT business_id FROM product_service_table WHERE product_service = 'Legal & Professional Fees')
  AND transaction_date >= DATE('now', '-1 year');","To determine the number of invoices created for ""Legal & Professional Fees"" in the last year using SQLite, we need to follow these steps:

1. Identify the relevant table and columns that contain information about transactions.
2. Filter the transactions to include only those with the ""Legal & Professional Fees"" product service type.
3. Ensure the transactions were created within the last year.
4. Count the number of such transactions.

Here is the SQL query to achieve this:

```sql
SELECT COUNT(*) AS invoice_count
FROM Master_txn_table
WHERE business_id = (SELECT business_id FROM product_service_table WHERE product_service = 'Legal & Professional Fees')
  AND transaction_date >= DATE('now', '-1 year');
```

### Explanation:
- `Master_txn_table`: This table contains all transaction records.
- `product_service_table`: This table contains the product/service types and their names.
- `DATE('now', '-1 year')`: This function returns the date one year ago from today.
- The `WHERE` clause filters the transactions based on the product service type being ""Legal & Professional Fees"" and ensuring the transaction was created within the last year.

This query will return the count of invoices created for ""Legal & Professional Fees"" in the last year."
Service,How many Service Provider did we sell to Robert Townsend in jan this year?,"select sum(quantity) from master_txn_table where customers = ""Robert Townsend"" and product_service = 'Service Provider' and transaction_type in ('invoice', 'sales receipt') and transaction_date BETWEEN date(current_date, 'start of year') AND date(current_date, 'start of year', '+1 month', '-1 day')","SELECT COUNT(DISTINCT service_provider)
FROM (
    SELECT 
        p.product_service AS service_provider,
        c.customer_name AS customer_name
    FROM 
        Master_txn_table m
    JOIN 
        customer_table c ON m.business_id = c.business_id AND c.customer_name = 'Robert Townsend'
    WHERE 
        m.transaction_date LIKE '2023-01%' -- Adjust the year as needed
) AS subquery;","To determine how many service providers sold services to Robert Townsend in January of the current year, you can use the following SQLite query:

```sql
SELECT COUNT(DISTINCT service_provider)
FROM (
    SELECT 
        p.product_service AS service_provider,
        c.customer_name AS customer_name
    FROM 
        Master_txn_table m
    JOIN 
        customer_table c ON m.business_id = c.business_id AND c.customer_name = 'Robert Townsend'
    WHERE 
        m.transaction_date LIKE '2023-01%' -- Adjust the year as needed
) AS subquery;
```

### Explanation:
1. **Master_txn_table**: This table contains all transactions.
2. **customer_table**: This table contains information about customers.
3. **JOIN**: We join `Master_txn_table` with `customer_table` on the `business_id` and `customer_name`.
4. **WHERE Clause**: We filter the results to only include transactions from January of the current year (`2023-01%`).
5. **COUNT(DISTINCT service_provider)**: We count the distinct service providers that sold services to Robert Townsend in January.

### Notes:
- Replace `'2023-01%'` with the appropriate date range if the year is different.
- Ensure that the `customer_name` in `customer_table` is correctly set to 'Robert Townsend' or adjust it according to your specific needs.
- If you need to adjust the year dynamically based on the current year, you might want to use a more complex query involving `strftime` or similar functions depending on your SQLite version.

If you need further adjustments or have additional requirements, please let me know!","SELECT COUNT(DISTINCT product_service)
FROM Master_txn_table
WHERE transaction_date BETWEEN '2023-01-01' AND '2023-01-31'
  AND customer_name = 'Robert Townsend';","To determine how many service providers sold services to Robert Townsend in January of the current year, you can follow these steps:

1. Identify the relevant tables and columns that contain the necessary information.
2. Filter the data to include only transactions from January.
3. Ensure the customer name is ""Robert Townsend"".
4. Count the distinct service providers.

Here's the SQLite query to achieve this:

```sql
SELECT COUNT(DISTINCT product_service)
FROM Master_txn_table
WHERE transaction_date BETWEEN '2023-01-01' AND '2023-01-31'
  AND customer_name = 'Robert Townsend';
```

### Explanation:
- `Master_txn_table`: This table contains all the transaction details.
- `transaction_date BETWEEN '2023-01-01' AND '2023-01-31'`: Filters the transactions to those that occurred in January 2023.
- `customer_name = 'Robert Townsend'`: Filters the transactions to those where the customer is ""Robert Townsend"".
- `COUNT(DISTINCT product_service)`: Counts the unique service providers (i.e., the number of different products/services sold).

Make sure to adjust the date range if the current year is not 2023. If the year is dynamic, you might want to use a parameterized query or a variable to store the current year."
